bucket,kind,id,region,source,before,after,reason
auto_clean,series,175,,,华商会挑战杯 (让赛),华商会挑战杯,
auto_clean,series,176,,,洋紫荆短途锦标 (让赛),洋紫荆短途锦标,
auto_clean,series,177,,,一月杯 (让赛),一月杯,
auto_clean,series,180,,,百周年纪念银瓶 (让赛),百周年纪念银瓶,
auto_clean,series,188,,,皇太后纪念杯 (让赛),皇太后纪念杯,
auto_clean,series,190,,,沙田银瓶 (让赛),沙田银瓶,
auto_clean,series,191,,,狮子山锦标 (让赛),狮子山锦标,
auto_clean,series,192,,,精英杯 (让赛),精英杯,
auto_clean,series,193,,,精英碟 (让赛),精英碟,
auto_clean,series,285,,,京成杯秋季让赛,京成杯秋季赛,
auto_clean,event,145,,,华商会挑战杯 (让赛),华商会挑战杯,
auto_clean,event,146,,,洋紫荆短途锦标 (让赛),洋紫荆短途锦标,
auto_clean,event,147,,,一月杯 (让赛),一月杯,
auto_clean,event,150,,,百周年纪念银瓶 (让赛),百周年纪念银瓶,
auto_clean,event,158,,,皇太后纪念杯 (让赛),皇太后纪念杯,
auto_clean,event,160,,,沙田银瓶 (让赛),沙田银瓶,
auto_clean,event,161,,,狮子山锦标 (让赛),狮子山锦标,
auto_clean,event,162,,,精英杯 (让赛),精英杯,
auto_clean,event,163,,,精英碟 (让赛),精英碟,
auto_clean,term,1972,,京成杯オータムH,京成杯秋季让赛,京成杯秋季赛,
auto_clean,term,4218,hong_kong,THE BAUHINIA SPRINT TROPHY (HANDICAP),洋紫荆短途锦标(让赛),洋紫荆短途锦标,
auto_clean,term,4220,hong_kong,THE CHINESE CLUB CHALLENGE CUP (HANDICAP),华商会挑战杯(让赛),华商会挑战杯,
auto_clean,term,4221,hong_kong,THE HONG KONG CLUB CHALLENGE CUP (HANDICAP),香港会挑战杯(让赛),香港会挑战杯,
auto_clean,term,4222,hong_kong,THE HONG KONG FOOTBALL CLUB CENTENARY CUP (HANDICAP),香港足球会百周年纪念杯(让赛),香港足球会百周年纪念杯,
auto_clean,term,4223,hong_kong,THE HONG KONG GOLF CLUB CENTENARY CUP (HANDICAP),香港高尔夫球会百周年纪念杯(让赛),香港高尔夫球会百周年纪念杯,
auto_clean,term,4224,hong_kong,THE JANUARY CUP (HANDICAP),一月杯(让赛),一月杯,
auto_clean,term,4225,hong_kong,THE PO LEUNG KUK CUP (HANDICAP),保良局杯(让赛),保良局杯,
auto_clean,term,4226,hong_kong,THE POK OI CUP (HANDICAP),博爱杯(让赛),博爱杯,
auto_clean,term,4228,hong_kong,THE YAN OI TONG CUP (HANDICAP),仁爱堂杯(让赛),仁爱堂杯,
auto_clean,term,4365,hong_kong,THE CENTENARY VASE (HANDICAP),百周年纪念银瓶(让赛),百周年纪念银瓶,
auto_clean,term,4366,hong_kong,THE CHINESE NEW YEAR CUP (HANDICAP),贺年杯(让赛),贺年杯,
auto_clean,term,4369,hong_kong,THE ROTARY CENTENARY CHALLENGE CUP (HANDICAP),扶轮百周年挑战杯(让赛),扶轮百周年挑战杯,
auto_clean,term,4370,hong_kong,THE TVB CUP (HANDICAP),TVB杯(让赛),TVB杯,
auto_clean,term,4371,hong_kong,THE VOLUNTEERS' CHALLENGE CUP (HANDICAP),义勇军挑战杯(让赛),义勇军挑战杯,
auto_clean,term,4513,hong_kong,THE ASSOCIATION OF HONG KONG RACING JOURNALISTS CHALLENGE CUP (HANDICAP),香港评马同业协进会挑战杯(让赛),香港评马同业协进会挑战杯,
auto_clean,term,4515,hong_kong,THE CRAIGENGOWER CRICKET CLUB CHALLENGE CUP (HANDICAP),纪利华木球会挑战杯(让赛),纪利华木球会挑战杯,
auto_clean,term,4516,hong_kong,THE CUHK ALUMNI CUP (HANDICAP),香港中文大学校友会联会杯(让赛),香港中文大学校友会联会杯,
auto_clean,term,4517,hong_kong,THE HEUNG YEE KUK CUP (HANDICAP),乡议局杯(让赛),乡议局杯,
auto_clean,term,4519,hong_kong,THE IRELAND TROPHY (HANDICAP),爱尔兰锦标(让赛),爱尔兰锦标,
auto_clean,term,4520,hong_kong,THE KOWLOON TONG CLUB TROPHY (HANDICAP),九龙塘会杯(让赛),九龙塘会杯,
auto_clean,term,4521,hong_kong,THE KWOON CHUNG BUS CUP (HANDICAP),冠忠巴士杯（让赛）,冠忠巴士杯,
auto_clean,term,4522,hong_kong,THE LOK SIN TONG CUP (HANDICAP),乐善堂杯(让赛),乐善堂杯,
auto_clean,term,4642,hong_kong,THE BEIJING CLUBHOUSE ANNIVERSARY CUP (HANDICAP),北京会所周年杯(让赛),北京会所周年杯,
auto_clean,term,4647,hong_kong,THE HONG KONG CHINESE IMPORTERS' & EXPORTERS' ASSOCIATION 70TH ANNIVERSARY CUP (HANDICAP),香港中华出入口商会七十周年杯（让赛）,香港中华出入口商会七十周年杯,
auto_clean,term,4648,hong_kong,THE HONG KONG JOCKEY CLUB COMMUNITY TROPHY (HANDICAP),香港赛马会社群杯(让赛),香港赛马会社群杯,
auto_clean,term,4649,hong_kong,THE HONG KONG LIONS CUP (HANDICAP),狮子会杯(让赛),狮子会杯,
auto_clean,term,4650,hong_kong,THE KOREA RACING AUTHORITY TROPHY (HANDICAP),韩国马事会锦标(让赛),韩国马事会锦标,
auto_clean,term,4651,hong_kong,THE LUSITANO CHALLENGE CUP (HANDICAP),西洋会挑战杯(让赛),西洋会挑战杯,
auto_clean,term,4754,hong_kong,THE FRANCE GALOP CUP (HANDICAP),法国赛马会杯（让赛）,法国赛马会杯,
auto_clean,term,4755,hong_kong,THE FRENCH MAY TROPHY (HANDICAP),法国五月杯(让赛),法国五月杯,
auto_clean,term,4757,hong_kong,THE HONG KONG CHINA RUGBY CUP (HANDICAP),中国香港榄球总会杯（让赛）,中国香港榄球总会杯,
auto_clean,term,4758,hong_kong,THE KOWLOON CRICKET CLUB CENTENARY CUP (HANDICAP),九龙木球会百周年纪念杯(让赛),九龙木球会百周年纪念杯,
auto_clean,term,4759,hong_kong,THE MEMBERS CUP (HANDICAP),会员杯（让赛）,会员杯,
auto_clean,term,4760,hong_kong,THE QUEEN MOTHER MEMORIAL CUP (HANDICAP),皇太后纪念杯(让赛),皇太后纪念杯,
auto_clean,term,4762,hong_kong,THE SAUTERNES CUP (HANDICAP),苏特恩杯(让赛),苏特恩杯,
auto_clean,term,4763,hong_kong,THE SPORTS CLUB DIAMOND JUBILEE CHALLENGE CUP (HANDICAP),五陵会钻禧挑战杯(让赛),五陵会钻禧挑战杯,
auto_clean,term,4764,hong_kong,THE ST GEORGE'S CHALLENGE CUP (HANDICAP),圣佐治挑战杯(让赛),圣佐治挑战杯,
auto_clean,term,4846,hong_kong,THE CRICKET CLUB VALLEY STAKES (HANDICAP),木球会锦标(让赛),木球会锦标,
auto_clean,term,4847,hong_kong,THE EWO CHALLENGE TROPHY (HANDICAP),怡和挑战杯(让赛),怡和挑战杯,
auto_clean,term,4848,hong_kong,THE HONG KONG RIDING FOR THE DISABLED ASSOCIATION CUP (HANDICAP),香港伤健策骑协会杯(让赛),香港伤健策骑协会杯,
auto_clean,term,4849,hong_kong,THE LION ROCK TROPHY (HANDICAP),狮子山锦标(让赛),狮子山锦标,
auto_clean,term,4850,hong_kong,THE PEARCE MEMORIAL CHALLENGE CUP (HANDICAP),皮亚士纪念挑战杯(让赛),皮亚士纪念挑战杯,
auto_clean,term,4851,hong_kong,THE POLA CUP (HANDICAP),亚洲律师会会长杯（让赛）,亚洲律师会会长杯,
auto_clean,term,4852,hong_kong,THE PREMIER CUP (HANDICAP),精英杯(让赛),精英杯,
auto_clean,term,4853,hong_kong,THE PREMIER PLATE (HANDICAP),精英碟(让赛),精英碟,
auto_clean,term,4854,hong_kong,THE SHA TIN VASE (HANDICAP),沙田银瓶(让赛),沙田银瓶,
auto_clean,term,4922,hong_kong,THE ARCULLI TROPHY (HANDICAP),夏佳理锦标(让赛),夏佳理锦标,
auto_clean,term,4923,hong_kong,THE CHAN TROPHY (HANDICAP),陈祖泽锦标(让赛),陈祖泽锦标,
auto_clean,term,4924,hong_kong,THE CHOW SILVER PLATE (HANDICAP),周永健银碟(让赛),周永健银碟,
auto_clean,term,4925,hong_kong,THE CMA 90TH ANNIVERSARY CUP (HANDICAP),厂商会90周年纪念杯（让赛）,厂商会90周年纪念杯,
auto_clean,term,4926,hong_kong,THE GUANGDONG-HONG KONG CUP (HANDICAP),粤港杯(让赛),粤港杯,
auto_clean,term,4927,hong_kong,THE HONG KONG RACEHORSE OWNERS ASSOCIATION TROPHY (HANDICAP),香港马主协会锦标(让赛),香港马主协会锦标,
auto_clean,term,4928,hong_kong,THE HONG KONG REUNIFICATION CUP (HANDICAP),香港回归杯(让赛),香港回归杯,
auto_clean,term,4929,hong_kong,THE IP JUG (HANDICAP),叶锡安瓶(让赛),叶锡安瓶,
auto_clean,term,4930,hong_kong,THE LI CUP (HANDICAP),李福深杯(让赛),李福深杯,
auto_clean,term,4931,hong_kong,THE PHILIP CHEN TROPHY (HANDICAP),陈南禄锦标(让赛),陈南禄锦标,
auto_clean,term,4933,hong_kong,THE STEVENSON CUP (HANDICAP),施文信杯(让赛),施文信杯,
auto_clean,term,4934,hong_kong,THE SWAINE CUP (HANDICAP),施伟贤杯(让赛),施伟贤杯,
auto_clean,term,4935,hong_kong,THE WONG CUP (HANDICAP),黄颂显杯(让赛),黄颂显杯,
auto_clean,term,4990,hong_kong,THE CELEBRATION CUP (HANDICAP),庆典杯(让赛),庆典杯,
auto_clean,term,4991,hong_kong,THE COMMUNITY CHEST CUP (HANDICAP),公益金杯(让赛),公益金杯,
auto_clean,term,4992,hong_kong,THE HKSAR CHIEF EXECUTIVE'S CUP (HANDICAP),香港特区行政长官杯(让赛),香港特区行政长官杯,
auto_clean,term,4993,hong_kong,THE HONG KONG COUNTRY CLUB CHALLENGE CUP (HANDICAP),香港乡村俱乐部挑战杯(让赛),香港乡村俱乐部挑战杯,
auto_clean,term,4994,hong_kong,THE TUNG WAH GROUP OF HOSPITALS CHALLENGE CUP (HANDICAP),东华三院挑战杯(让赛),东华三院挑战杯,
auto_clean,term,4995,hong_kong,THE YAN CHAI TROPHY (HANDICAP),仁济杯(让赛),仁济杯,
auto_clean,term,5076,hong_kong,THE CHINESE GENERAL CHAMBER OF COMMERCE CUP (HANDICAP),香港中华总商会杯(让赛),香港中华总商会杯,
auto_clean,term,5077,hong_kong,THE CHINESE RECREATION CLUB CHALLENGE CUP (HANDICAP),中华游乐会挑战杯(让赛),中华游乐会挑战杯,
auto_clean,term,5081,hong_kong,THE FEDERATION OF HK GUANGDONG COMMUNITY TROPHY (HANDICAP),香港广东社团总会杯（让赛）,香港广东社团总会杯,
auto_clean,term,5082,hong_kong,THE HKEX CUP (HANDICAP),香港交易所杯(让赛),香港交易所杯,
auto_clean,term,5083,hong_kong,THE HKJC 140TH ANNIVERSARY CUP (HANDICAP),香港赛马会140周年纪念杯（让赛）,香港赛马会140周年纪念杯,
auto_clean,term,5084,hong_kong,"THE HONG KONG, CHINA'S PARIS 2024 OLYMPIC TEAM CELEBRATION CUP (HANDICAP)",2024巴黎奥运中国香港队杯（让赛）,2024巴黎奥运中国香港队杯,
auto_clean,term,5086,hong_kong,THE JCI HONG KONG SENATE CUP (HANDICAP),国际青年商会香港总会参议会杯（让赛）,国际青年商会香港总会参议会杯,
auto_clean,term,5087,hong_kong,THE KWANGTUNG HANDICAP CUP (HANDICAP),广东让赛杯(让赛),广东杯,
auto_clean,term,5088,hong_kong,THE LONGINES CUP (HANDICAP),浪琴表锦标(让赛),浪琴表锦标,
auto_clean,term,5090,hong_kong,THE NATIONAL DAY CUP (HANDICAP),国庆杯(让赛),国庆杯,
auto_clean,term,5091,hong_kong,THE PREMIER BOWL (HANDICAP),精英碗(让赛),精英碗,
auto_clean,term,5093,hong_kong,THE SHA TIN TROPHY (HANDICAP),沙田锦标(让赛),沙田锦标,
auto_clean,term,5195,hong_kong,THE AMERICAN CLUB CHALLENGE CUP (HANDICAP),美国会所挑战杯(让赛),美国会所挑战杯,
auto_clean,term,5199,hong_kong,THE CHEVALIER CUP (HANDICAP),其士杯(让赛),其士杯,
auto_clean,term,5200,hong_kong,THE HONG KONG INSTITUTE OF SURVEYORS 40TH ANNIVERSARY CUP (HANDICAP),香港测量师学会四十周年纪念杯（让赛）,香港测量师学会四十周年纪念杯,
auto_clean,term,5201,hong_kong,THE PANASONIC CUP (HANDICAP),乐声杯(让赛),乐声杯,
auto_clean,term,5202,hong_kong,THE SA SA LADIES' PURSE (HANDICAP),莎莎妇女银袋(让赛),莎莎妇女银袋,
auto_clean,term,5203,hong_kong,THE ST ANDREW'S CHALLENGE QUAICH (HANDICAP),圣安度挑战碟(让赛),圣安度挑战碟,
auto_clean,term,5259,hong_kong,LONGINES INTERNATIONAL JOCKEYS' CHAMPIONSHIP (HANDICAP) - 1ST LEG,浪琴表国际骑师锦标赛(让赛)-第一关,浪琴表国际骑师锦标赛-第一关,
auto_clean,term,5260,hong_kong,LONGINES INTERNATIONAL JOCKEYS' CHAMPIONSHIP (HANDICAP) - 2ND LEG,浪琴表国际骑师锦标赛(让赛)-第二关,浪琴表国际骑师锦标赛-第二关,
auto_clean,term,5261,hong_kong,LONGINES INTERNATIONAL JOCKEYS' CHAMPIONSHIP (HANDICAP) - 3RD LEG,浪琴表国际骑师锦标赛(让赛)-第三关,浪琴表国际骑师锦标赛-第三关,
auto_clean,term,5262,hong_kong,LONGINES INTERNATIONAL JOCKEYS' CHAMPIONSHIP (HANDICAP) - 4TH LEG,浪琴表国际骑师锦标赛(让赛)-第四关,浪琴表国际骑师锦标赛-第四关,
auto_clean,term,5328,hong_kong,THE LUKFOOK JEWELLERY CUP (HANDICAP),六福珠宝杯(让赛),六福珠宝杯,
auto_clean,term,5329,hong_kong,THE PENINSULA GOLDEN JUBILEE CHALLENGE CUP (HANDICAP),半岛金禧挑战杯(让赛),半岛金禧挑战杯,
auto_clean,term,5330,hong_kong,THE PRINCE OF WALES HOSPITAL 40TH ANNIVERSARY CUP (HANDICAP),威尔斯亲王医院四十周年纪念杯（让赛）,威尔斯亲王医院四十周年纪念杯,
auto_clean,term,5404,hong_kong,"THE PARIS 2024 PARALYMPIC GAMES HONG KONG, CHINA TEAM CELEBRATION CUP (HANDICAP)",巴黎2024残疾人奥运会中国香港队杯（让赛）,巴黎2024残疾人奥运会中国香港队杯,
auto_clean,term,5405,hong_kong,THE RACING CLUB CUP (HANDICAP),竞骏会杯（让赛）,竞骏会杯,
auto_clean,term,5444,hong_kong,THE CONSENSUS CUP (HANDICAP),CONSENSUS杯（让赛）,CONSENSUS杯,
auto_clean,term,5476,hong_kong,THE KWOON CHUNG BUS 60TH ANNIVERSARY CUP (HANDICAP),冠忠巴士六十周年杯（让赛）,冠忠巴士六十周年杯,
auto_clean,term,5534,hong_kong,THE JAPAN RACING ASSOCIATION TROPHY (HANDICAP),日本中央竞马会锦标(让赛),日本中央竞马会锦标,
auto_clean,term,5567,hong_kong,THE BEIJING CLUBHOUSE CUP (HANDICAP),北京会所杯（让赛）,北京会所杯,
auto_clean,term,5569,hong_kong,THE HONG KONG RIDING FOR THE DISABLED ASSOCIATION 50TH ANNIVERSARY CUP (HANDICAP),香港伤健策骑协会50周年杯（让赛）,香港伤健策骑协会50周年杯,
auto_clean,term,5615,hong_kong,THE HONG KONG UNIVERSITY ALUMNI ASSOCIATION CHALLENGE CUP (HANDICAP),香港大学校友会挑战杯(让赛),香港大学校友会挑战杯,
auto_clean,term,5655,hong_kong,THE KPMG 80TH ANNIVERSARY CUP (HANDICAP),毕马威八十周年杯（让赛）,毕马威八十周年杯,
auto_clean,term,5695,hong_kong,THE ASSOCIATION OF HONG KONG RACING JOURNALISTS 40TH ANNIVERSARY CUP (HANDICAP),香港评马同业协进会四十周年纪念杯（让赛）,香港评马同业协进会四十周年纪念杯,
auto_clean,term,5742,hong_kong,THE CHINESE GENERAL CHAMBER OF COMMERCE 125TH ANNIVERSARY CUP (HANDICAP),香港中华总商会125周年会庆杯（让赛）,香港中华总商会125周年会庆杯,
auto_clean,term,5743,hong_kong,THE INDIAN RECREATION CLUB CHALLENGE CUP (HANDICAP),印度游乐会挑战杯（让赛）,印度游乐会挑战杯,
auto_clean,term,5807,hong_kong,THE 15TH NATIONAL GAMES HONG KONG MEDALLISTS CUP (HANDICAP),十五运会香港奖牌运动员杯（让赛）,十五运会香港奖牌运动员杯,
auto_clean,term,5808,hong_kong,THE APM MONACO CUP (HANDICAP),APM MONACO杯（让赛）,APM MONACO杯,
auto_clean,term,5825,hong_kong,THE HEUNG YEE KUK CENTENARY CUP (HANDICAP),乡议局百周年纪念杯（让赛）,乡议局百周年纪念杯,
auto_clean,term,5826,hong_kong,THE YEAR OF THE HORSE CUP (HANDICAP),马年杯（让赛）,马年杯,
auto_clean,term,5923,hong_kong,THE HAKKA CUP (HANDICAP),客家杯（让赛）,客家杯,
auto_clean,term,5939,hong_kong,THE RACING WORLD 50TH ANNIVERSARY CUP (HANDICAP),赛马天下50周年纪念杯（让赛）,赛马天下50周年纪念杯,
auto_clean,term,5940,hong_kong,THE TOURISM CUP (HANDICAP),旅游杯（让赛）,旅游杯,
auto_clean,term,5947,hong_kong,THE FRIENDS OF HONG KONG ASSOCIATION CUP (HANDICAP),香港友好协进会杯（让赛）,香港友好协进会杯,
auto_clean,term,29587,hong_kong,THE 25TH ANNIVERSARY HONG KONG REUNIFICATION CUP (HANDICAP),香港共庆回归 25 周年杯(让赛),香港共庆回归 25 周年杯,
auto_clean,term,29588,hong_kong,THE APPRENTICE JOCKEYS' SCHOOL 50TH ANNIVERSARY CUP (HANDICAP),见习骑师学校50周年纪念杯(让赛),见习骑师学校50周年纪念杯,
auto_clean,term,29593,hong_kong,THE CARBINE CLUB OF HONG KONG 30TH ANNIVERSARY CUP (HANDICAP),香港卡宾会三十周年纪念杯(让赛),香港卡宾会三十周年纪念杯,
auto_clean,term,29595,hong_kong,THE CMA 88TH ANNIVERSARY CUP (HANDICAP),厂商会88周年纪念杯(让赛),厂商会88周年纪念杯,
auto_clean,term,29597,hong_kong,THE HONG KONG CHINA'S ASIAN GAMES MEDALLISTS CUP (HANDICAP),中国香港亚运奖牌运动员杯(让赛),中国香港亚运奖牌运动员杯,
auto_clean,term,29598,hong_kong,THE HONG KONG CHIU CHOW CHAMBER OF COMMERCE CENTENARY CUP (HANDICAP),香港潮州商会百周年纪念杯(让赛),香港潮州商会百周年纪念杯,
auto_clean,term,29599,hong_kong,THE HONG KONG ELITE ATHLETES CUP (HANDICAP),香港精英运动员杯(让赛),香港精英运动员杯,
auto_clean,term,29600,hong_kong,THE HONG KONG INSTITUTE OF CERTIFIED PUBLIC ACCOUNTANTS 50TH ANNIVERSARY CUP (HANDICAP),香港会计师公会五十周年纪念杯(让赛),香港会计师公会五十周年纪念杯,
auto_clean,term,29601,hong_kong,THE HONG KONG MACAU TROPHY (HANDICAP),港澳杯(让赛),港澳杯,
auto_clean,term,29602,hong_kong,THE HONG KONG RUGBY UNION CUP (HANDICAP),香港榄球总会杯(让赛),香港榄球总会杯,
auto_clean,term,29603,hong_kong,THE HONG KONG SPORTS ASSOCIATION FOR THE PHYSICALLY DISABLED 50TH ANNIVERSARY CUP (HANDICAP),香港伤残人士体育协会50周年杯(让赛),香港伤残人士体育协会50周年杯,
auto_clean,term,29604,hong_kong,THE HONG KONG SPORTS INSTITUTE 30TH ANNIVERSARY CUP (HANDICAP),香港体育学院30周年杯(让赛),香港体育学院30周年杯,
auto_clean,term,29605,hong_kong,THE HONG KONG YOUNG INDUSTRIALISTS COUNCIL 30TH ANNIVERSARY CUP (HANDICAP),香港青年工业家协会30周年杯(让赛),香港青年工业家协会30周年杯,
auto_clean,term,29606,hong_kong,THE INTERNATIONAL CONFERENCE OF RACING ANALYSTS AND VETERINARIANS CUP (HANDICAP),国际赛事化验师及赛事管制兽医联合会议杯(让赛),国际赛事化验师及赛事管制兽医联合会议杯,
auto_clean,term,29610,hong_kong,THE LOK SIN TONG 140TH ANNIVERSARY CUP (HANDICAP),乐善堂140周年纪念杯(让赛),乐善堂140周年纪念杯,
auto_clean,term,29611,hong_kong,THE MACWHINNIE CUP (HANDICAP),麦蕴利杯(让赛),麦蕴利杯,
auto_clean,term,29612,hong_kong,THE ORIENTAL WATCH 60TH ANNIVERSARY SHA TIN TROPHY (HANDICAP),东方表行60周年沙田锦标(让赛),东方表行60周年沙田锦标,
auto_clean,term,29613,hong_kong,THE ORIENTAL WATCH SHA TIN TROPHY (HANDICAP),东方表行沙田锦标(让赛),东方表行沙田锦标,
auto_clean,term,29616,hong_kong,THE POLICE CUP (HANDICAP),警察杯(让赛),警察杯,
auto_clean,term,29617,hong_kong,THE PURVES QUAICH (HANDICAP),蒲伟士碟(让赛),蒲伟士碟,
auto_clean,term,29618,hong_kong,THE RACING CLUB 15TH ANNIVERSARY CUP (HANDICAP),竞骏会十五周年纪念杯(让赛),竞骏会十五周年纪念杯,
auto_clean,term,29619,hong_kong,THE SHA TIN MILE TROPHY (HANDICAP),沙田一哩锦标(让赛),沙田一哩锦标,
auto_clean,term,29620,hong_kong,THE TAXATION INSTITUTE OF HONG KONG 50TH ANNIVERSARY CUP (HANDICAP),香港税务学会50周年纪念杯(让赛),香港税务学会50周年纪念杯,
auto_clean,term,29621,hong_kong,THE TSUEN WAN NEW TOWN 60TH ANNIVERSARY CUP (HANDICAP),荃湾新市镇六十周年纪念杯(让赛),荃湾新市镇六十周年纪念杯,
auto_clean,term,15215,japan,Keisei Hai Autumn Handicap,京成杯秋季让赛,京成杯秋季赛,
auto_clean,term,29798,united_kingdom,Ascot Stakes (Handicap),雅士谷锦标 (让赛),雅士谷锦标,
auto_clean,term,29799,united_kingdom,Britannia Stakes (Handicap),大不列颠锦标 (让赛),大不列颠锦标,
auto_clean,term,29800,united_kingdom,Buckingham Palace Stakes (Handicap),白金汉宫锦标 (让赛),白金汉宫锦标,
auto_clean,term,29801,united_kingdom,Copper Horse Stakes (Handicap),铜马锦标 (让赛),铜马锦标,
auto_clean,term,29803,united_kingdom,Duke of Edinburgh Stakes (Handicap),爱丁堡公爵锦标 (让赛),爱丁堡公爵锦标,
auto_clean,term,29804,united_kingdom,Golden Gates Stakes (Handicap),金门锦标 (让赛),金门锦标,
auto_clean,term,29806,united_kingdom,Kensington Palace Stakes (Handicap),肯辛顿宫锦标(让赛),肯辛顿宫锦标,
auto_clean,term,29808,united_kingdom,King George V Stakes (Handicap),英皇佐治五世锦标 (让赛),英皇佐治五世锦标,
auto_clean,term,29811,united_kingdom,Palace of Holyroodhouse Stakes (Handicap),荷里雷德宫锦标 (让赛),荷里雷德宫锦标,
auto_clean,term,29812,united_kingdom,Royal Hunt Cup (Handicap),皇家狩猎杯 (让赛),皇家狩猎杯,
auto_clean,term,29813,united_kingdom,Sandringham Stakes (Handicap),沙特利咸锦标 (让赛),沙特利咸锦标,
auto_clean,term,29814,united_kingdom,Silver Royal Hunt Cup (Handicap),银皇家狩猎杯 (让赛),银皇家狩猎杯,
auto_clean,term,29815,united_kingdom,Silver Wokingham Stakes (Handicap),银屈敬咸锦标 (让赛),银屈敬咸锦标,
auto_clean,term,29816,united_kingdom,Wokingham Stakes (Handicap),屈敬咸锦标 (让赛),屈敬咸锦标,
review,term,5570,hong_kong,THE SAUTERNES'S CUP (HANDICAP),苏特恩杯（让赛）,苏特恩杯,same-region duplicate after cleanup
kept,term,13073,france,Class 1 Handicap,第一班让赛,第一班让赛,original marker is not bracketed
kept,term,13074,france,Class 3 Handicap,第三班让赛,第三班让赛,original marker is not bracketed
kept,term,13168,france,Class 2 Handicap,第二班让赛,第二班让赛,original marker is not bracketed
kept,term,13169,france,Class 4 Handicap,第四班让赛,第四班让赛,original marker is not bracketed
kept,term,29218,france,3yo Fillies Handicap,三岁雌马让赛,三岁雌马让赛,original marker is not bracketed
kept,term,29221,france,Grand Handicap des Milers,一哩让赛,一哩让赛,original marker is not bracketed
kept,term,4159,hong_kong,ALBATROSS HANDICAP,信天翁让赛,信天翁让赛,original marker is not bracketed
kept,term,4160,hong_kong,BEACON HILL HANDICAP,笔架山让赛,笔架山让赛,original marker is not bracketed
kept,term,4161,hong_kong,BENNET'S HILL HANDICAP,班纳山让赛,班纳山让赛,original marker is not bracketed
kept,term,4162,hong_kong,BUTTERFLY HANDICAP,蝴蝶让赛,蝴蝶让赛,original marker is not bracketed
kept,term,4163,hong_kong,CAROLINE HILL HANDICAP,加路连山让赛,加路连山让赛,original marker is not bracketed
kept,term,4164,hong_kong,CAUSEWAY HANDICAP,高士威让赛,高士威让赛,original marker is not bracketed
kept,term,4165,hong_kong,CHATER HANDICAP,遮打让赛,遮打让赛,original marker is not bracketed
kept,term,4166,hong_kong,CHERRY HANDICAP,樱桃让赛,樱桃让赛,original marker is not bracketed
kept,term,4167,hong_kong,CHEUNG SHAN HANDICAP,象山让赛,象山让赛,original marker is not bracketed
kept,term,4168,hong_kong,CHINESE BANYAN HANDICAP,细叶榕让赛,细叶榕让赛,original marker is not bracketed
kept,term,4169,hong_kong,CHOI YUEN HANDICAP,彩园让赛,彩园让赛,original marker is not bracketed
kept,term,4170,hong_kong,CLEVELAND HANDICAP,加宁让赛,加宁让赛,original marker is not bracketed
kept,term,4171,hong_kong,CLUB HANDICAP,会所让赛,会所让赛,original marker is not bracketed
kept,term,4172,hong_kong,CONNAUGHT HANDICAP,干诺让赛,干诺让赛,original marker is not bracketed
kept,term,4173,hong_kong,COTTON TREE HANDICAP,红棉让赛,红棉让赛,original marker is not bracketed
kept,term,4174,hong_kong,DIAMOND HILL HANDICAP,钻石山让赛,钻石山让赛,original marker is not bracketed
kept,term,4175,hong_kong,EGRET HANDICAP,白鹭让赛,白鹭让赛,original marker is not bracketed
kept,term,4176,hong_kong,FENWICK HANDICAP,分域让赛,分域让赛,original marker is not bracketed
kept,term,4177,hong_kong,FLAME TREE HANDICAP,凤凰木让赛,凤凰木让赛,original marker is not bracketed
kept,term,4178,hong_kong,FLAMINGO HANDICAP,红鹤让赛,红鹤让赛,original marker is not bracketed
kept,term,4179,hong_kong,FLEMING HANDICAP,菲林明让赛,菲林明让赛,original marker is not bracketed
kept,term,4180,hong_kong,FU TAI HANDICAP,富泰让赛,富泰让赛,original marker is not bracketed
kept,term,4181,hong_kong,GREAT GEORGE HANDICAP,记利佐治让赛,记利佐治让赛,original marker is not bracketed
kept,term,4182,hong_kong,HERON HANDICAP,苍鹭让赛,苍鹭让赛,original marker is not bracketed
kept,term,4183,hong_kong,HUNG SHUI KIU HANDICAP,洪水桥让赛,洪水桥让赛,original marker is not bracketed
kept,term,4184,hong_kong,ICE HOUSE HANDICAP,雪厂让赛,雪厂让赛,original marker is not bracketed
kept,term,4185,hong_kong,JACKSON HANDICAP,昃臣让赛,昃臣让赛,original marker is not bracketed
kept,term,4186,hong_kong,JAFFE HANDICAP,谢斐让赛,谢斐让赛,original marker is not bracketed
kept,term,4187,hong_kong,KESTREL HANDICAP,红隼让赛,红隼让赛,original marker is not bracketed
kept,term,4188,hong_kong,KEUNG SHAN HANDICAP,羌山让赛,羌山让赛,original marker is not bracketed
kept,term,4189,hong_kong,KINGSTON HANDICAP,京士顿让赛,京士顿让赛,original marker is not bracketed
kept,term,4190,hong_kong,KWAI SHING HANDICAP,葵盛让赛,葵盛让赛,original marker is not bracketed
kept,term,4191,hong_kong,LAI KING HANDICAP,荔景让赛,荔景让赛,original marker is not bracketed
kept,term,4192,hong_kong,LAM TEI HANDICAP,蓝地让赛,蓝地让赛,original marker is not bracketed
kept,term,4193,hong_kong,LARK HANDICAP,云雀让赛,云雀让赛,original marker is not bracketed
kept,term,4194,hong_kong,LAU FAU SHAN HANDICAP,流浮山让赛,流浮山让赛,original marker is not bracketed
kept,term,4195,hong_kong,LEI MUK SHUE HANDICAP,梨木树让赛,梨木树让赛,original marker is not bracketed
kept,term,4196,hong_kong,LOCKHART HANDICAP,骆克让赛,骆克让赛,original marker is not bracketed
kept,term,4197,hong_kong,LUARD HANDICAP,卢押让赛,卢押让赛,original marker is not bracketed
kept,term,4198,hong_kong,LUNG YAT HANDICAP,龙逸让赛,龙逸让赛,original marker is not bracketed
kept,term,4199,hong_kong,MESIA HANDICAP,相思鸟让赛,相思鸟让赛,original marker is not bracketed
kept,term,4200,hong_kong,MURRAY HANDICAP,美利让赛,美利让赛,original marker is not bracketed
kept,term,4201,hong_kong,NAM SANG WAI HANDICAP,南生围让赛,南生围让赛,original marker is not bracketed
kept,term,4202,hong_kong,NIGHTJAR HANDICAP,夜鹰让赛,夜鹰让赛,original marker is not bracketed
kept,term,4203,hong_kong,O'BRIEN HANDICAP,柯布连让赛,柯布连让赛,original marker is not bracketed
kept,term,4204,hong_kong,ON TING HANDICAP,安定让赛,安定让赛,original marker is not bracketed
kept,term,4205,hong_kong,PATERSON HANDICAP,百德新让赛,百德新让赛,original marker is not bracketed
kept,term,4206,hong_kong,PEACOCK HANDICAP,孔雀让赛,孔雀让赛,original marker is not bracketed
kept,term,4207,hong_kong,PING SHAN HANDICAP,屏山让赛,屏山让赛,original marker is not bracketed
kept,term,4208,hong_kong,PO TIN HANDICAP,宝田让赛,宝田让赛,original marker is not bracketed
kept,term,4209,hong_kong,POPLAR HANDICAP,白杨让赛,白杨让赛,original marker is not bracketed
kept,term,4210,hong_kong,ROBIN HANDICAP,知更鸟让赛,知更鸟让赛,original marker is not bracketed
kept,term,4211,hong_kong,SEA EAGLE HANDICAP,海雕让赛,海雕让赛,original marker is not bracketed
kept,term,4212,hong_kong,SHEK LEI HANDICAP,石篱让赛,石篱让赛,original marker is not bracketed
kept,term,4213,hong_kong,SHEK YAM HANDICAP,石荫让赛,石荫让赛,original marker is not bracketed
kept,term,4214,hong_kong,SPOONBILL HANDICAP,琵鹭让赛,琵鹭让赛,original marker is not bracketed
kept,term,4215,hong_kong,SWAN HANDICAP,天鹅让赛,天鹅让赛,original marker is not bracketed
kept,term,4216,hong_kong,TAI HING HANDICAP,大兴让赛,大兴让赛,original marker is not bracketed
kept,term,4217,hong_kong,TAI TONG HANDICAP,大棠让赛,大棠让赛,original marker is not bracketed
kept,term,4229,hong_kong,TIN SHUI WAI HANDICAP,天水围让赛,天水围让赛,original marker is not bracketed
kept,term,4230,hong_kong,TIN WAN SHAN HANDICAP,田湾山让赛,田湾山让赛,original marker is not bracketed
kept,term,4231,hong_kong,TSUI LOK HANDICAP,翠乐让赛,翠乐让赛,original marker is not bracketed
kept,term,4232,hong_kong,TSZ WAN SHAN HANDICAP,慈云山让赛,慈云山让赛,original marker is not bracketed
kept,term,4233,hong_kong,WAN TSUI HANDICAP,环翠让赛,环翠让赛,original marker is not bracketed
kept,term,4234,hong_kong,WILLOW HANDICAP,杨柳让赛,杨柳让赛,original marker is not bracketed
kept,term,4235,hong_kong,YAN TIN HANDICAP,欣田让赛,欣田让赛,original marker is not bracketed
kept,term,4236,hong_kong,YAU OI HANDICAP,友爱让赛,友爱让赛,original marker is not bracketed
kept,term,4237,hong_kong,YUEN LONG HANDICAP,元朗让赛,元朗让赛,original marker is not bracketed
kept,term,4243,hong_kong,AZALEA HANDICAP,杜鹃花让赛,杜鹃花让赛,original marker is not bracketed
kept,term,4255,hong_kong,CINERARIA HANDICAP,富贵菊让赛,富贵菊让赛,original marker is not bracketed
kept,term,4257,hong_kong,CITI GLOBAL WEALTH HANDICAP,花旗银行CITI GLOBAL WEALTH让赛,花旗银行CITI GLOBAL WEALTH让赛,original marker is not bracketed
kept,term,4258,hong_kong,CITI INSURANCE SERVICES HANDICAP,花旗银行保险服务让赛,花旗银行保险服务让赛,original marker is not bracketed
kept,term,4259,hong_kong,CITI INVESTMENT SERVICES HANDICAP,花旗银行投资服务让赛,花旗银行投资服务让赛,original marker is not bracketed
kept,term,4260,hong_kong,CITI MORTGAGE SERVICES HANDICAP,花旗银行按揭服务让赛,花旗银行按揭服务让赛,original marker is not bracketed
kept,term,4261,hong_kong,CITI PRIVATE BANK HANDICAP,花旗银行CITI PRIVATE BANK让赛,花旗银行CITI PRIVATE BANK让赛,original marker is not bracketed
kept,term,4262,hong_kong,CITI ULTIMA HANDICAP,CITI ULTIMA让赛,CITI ULTIMA让赛,original marker is not bracketed
kept,term,4263,hong_kong,CITI WEALTH ADVISORY SERVICES HANDICAP,花旗银行财富策划管理让赛,花旗银行财富策划管理让赛,original marker is not bracketed
kept,term,4264,hong_kong,CITIGOLD HANDICAP,花旗银行CITIGOLD让赛,花旗银行CITIGOLD让赛,original marker is not bracketed
kept,term,4265,hong_kong,CITIGOLD PRIVATE CLIENT HANDICAP,花旗私人客户业务让赛,花旗私人客户业务让赛,original marker is not bracketed
kept,term,4267,hong_kong,DAFFODIL HANDICAP,水仙花让赛,水仙花让赛,original marker is not bracketed
kept,term,4272,hong_kong,FA HUI PARK HANDICAP,花墟公园让赛,花墟公园让赛,original marker is not bracketed
kept,term,4275,hong_kong,FANLING HANDICAP,粉岭让赛,粉岭让赛,original marker is not bracketed
kept,term,4276,hong_kong,FAT CHOI HANDICAP,发财让赛,发财让赛,original marker is not bracketed
kept,term,4282,hong_kong,GLADIOLUS HANDICAP,菖蒲让赛,菖蒲让赛,original marker is not bracketed
kept,term,4286,hong_kong,GOOD FORTUNE HANDICAP,好运让赛,好运让赛,original marker is not bracketed
kept,term,4289,hong_kong,GREAT PROFITS HANDICAP,大利让赛,大利让赛,original marker is not bracketed
kept,term,4294,hong_kong,HOI YUEN HANDICAP,开源让赛,开源让赛,original marker is not bracketed
kept,term,4296,hong_kong,HONG KONG PARK HANDICAP,香港公园让赛,香港公园让赛,original marker is not bracketed
kept,term,4297,hong_kong,HUNG TO HANDICAP,鸿图让赛,鸿图让赛,original marker is not bracketed
kept,term,4302,hong_kong,KING KWONG HANDICAP,景光让赛,景光让赛,original marker is not bracketed
kept,term,4303,hong_kong,KOWLOON PARK HANDICAP,九龙公园让赛,九龙公园让赛,original marker is not bracketed
kept,term,4304,hong_kong,KUNG HEI HANDICAP,恭喜让赛,恭喜让赛,original marker is not bracketed
kept,term,4305,hong_kong,KUT CHEONG HANDICAP,吉祥让赛,吉祥让赛,original marker is not bracketed
kept,term,4306,hong_kong,KWAI CHUNG HANDICAP,葵涌让赛,葵涌让赛,original marker is not bracketed
kept,term,4311,hong_kong,LUCKY STAR HANDICAP,福星让赛,福星让赛,original marker is not bracketed
kept,term,4321,hong_kong,MORSE PARK HANDICAP,摩士公园让赛,摩士公园让赛,original marker is not bracketed
kept,term,4323,hong_kong,MUT WAH HANDICAP,物华让赛,物华让赛,original marker is not bracketed
kept,term,4329,hong_kong,PEACH BLOSSOM HANDICAP,桃花让赛,桃花让赛,original marker is not bracketed
kept,term,4330,hong_kong,PEONY HANDICAP,牡丹让赛,牡丹让赛,original marker is not bracketed
kept,term,4333,hong_kong,PRIMULA HANDICAP,报春花让赛,报春花让赛,original marker is not bracketed
kept,term,4334,hong_kong,PROSPERITY HANDICAP,兴隆让赛,兴隆让赛,original marker is not bracketed
kept,term,4337,hong_kong,RED PACKET HANDICAP,利是让赛,利是让赛,original marker is not bracketed
kept,term,4344,hong_kong,SAI KUNG HANDICAP,西贡让赛,西贡让赛,original marker is not bracketed
kept,term,4348,hong_kong,SHAN KWONG HANDICAP,山光让赛,山光让赛,original marker is not bracketed
kept,term,4349,hong_kong,SHAN KWONG ROAD PARK HANDICAP,山光道公园让赛,山光道公园让赛,original marker is not bracketed
kept,term,4350,hong_kong,SHEUNG SHUI HANDICAP,上水让赛,上水让赛,original marker is not bracketed
kept,term,4351,hong_kong,SING WOO HANDICAP,成和让赛,成和让赛,original marker is not bracketed
kept,term,4352,hong_kong,SINGAPORE POOLS HANDICAP,SINGAPORE POOLS让赛,SINGAPORE POOLS让赛,original marker is not bracketed
kept,term,4363,hong_kong,TAI PO HANDICAP,大埔让赛,大埔让赛,original marker is not bracketed
kept,term,4374,hong_kong,TSING YI HANDICAP,青衣让赛,青衣让赛,original marker is not bracketed
kept,term,4375,hong_kong,TSUEN WAN HANDICAP,荃湾让赛,荃湾让赛,original marker is not bracketed
kept,term,4376,hong_kong,TSUN YIP HANDICAP,骏业让赛,骏业让赛,original marker is not bracketed
kept,term,4377,hong_kong,TVB CHARITY FUND HANDICAP,TVB爱心基金让赛,TVB爱心基金让赛,original marker is not bracketed
kept,term,4378,hong_kong,"TVB MIDLIFE, SING & SHINE HANDICAP",TVB中年好声音让赛,TVB中年好声音让赛,original marker is not bracketed
kept,term,4379,hong_kong,TVB MISS HONG KONG PAGEANT HANDICAP,TVB香港小姐竞选让赛,TVB香港小姐竞选让赛,original marker is not bracketed
kept,term,4380,hong_kong,TVB PO LEUNG KUK GALA SPECTACULAR HANDICAP,TVB星光熠熠耀保良让赛,TVB星光熠熠耀保良让赛,original marker is not bracketed
kept,term,4381,hong_kong,TVB POK OI CHARITY SHOW HANDICAP,TVB博爱欢乐传万家让赛,TVB博爱欢乐传万家让赛,original marker is not bracketed
kept,term,4382,hong_kong,TVB TUNG WAH CELEBRITY SHOW HANDICAP,TVB万众一心耀东华让赛,TVB万众一心耀东华让赛,original marker is not bracketed
kept,term,4383,hong_kong,TVB TUNG WAH CHARITY SHOW HANDICAP,TVB欢乐满东华让赛,TVB欢乐满东华让赛,original marker is not bracketed
kept,term,4384,hong_kong,TVB YAN CHAI CHARITY SHOW HANDICAP,TVB慈善星辉仁济夜让赛,TVB慈善星辉仁济夜让赛,original marker is not bracketed
kept,term,4385,hong_kong,TVB YAN OI TONG CHARITY SHOW HANDICAP,TVB善心满载仁爱堂让赛,TVB善心满载仁爱堂让赛,original marker is not bracketed
kept,term,4389,hong_kong,VICTORIA PARK HANDICAP,维多利亚公园让赛,维多利亚公园让赛,original marker is not bracketed
kept,term,4391,hong_kong,VILLAGE HANDICAP,山村让赛,山村让赛,original marker is not bracketed
kept,term,4393,hong_kong,WAI YIP HANDICAP,伟业让赛,伟业让赛,original marker is not bracketed
kept,term,4394,hong_kong,WANG TAK HANDICAP,宏德让赛,宏德让赛,original marker is not bracketed
kept,term,4396,hong_kong,YIK YAM HANDICAP,奕荫让赛,奕荫让赛,original marker is not bracketed
kept,term,4398,hong_kong,YUE MAN HANDICAP,裕民让赛,裕民让赛,original marker is not bracketed
kept,term,4399,hong_kong,YUE YEE HANDICAP,如意让赛,如意让赛,original marker is not bracketed
kept,term,4400,hong_kong,YUK SAU HANDICAP,毓秀让赛,毓秀让赛,original marker is not bracketed
kept,term,4402,hong_kong,AMBITIOUS DRAGON HANDICAP,雄心威龙让赛,雄心威龙让赛,original marker is not bracketed
kept,term,4403,hong_kong,AP LEI CHAU HANDICAP,鸭脷洲让赛,鸭脷洲让赛,original marker is not bracketed
kept,term,4406,hong_kong,BOWRINGTON HANDICAP,宝灵顿让赛,宝灵顿让赛,original marker is not bracketed
kept,term,4408,hong_kong,CANAL HANDICAP,坚拿让赛,坚拿让赛,original marker is not bracketed
kept,term,4409,hong_kong,CASTLE PEAK HANDICAP,青山让赛,青山让赛,original marker is not bracketed
kept,term,4412,hong_kong,CHEUNG CHAU HANDICAP,长洲让赛,长洲让赛,original marker is not bracketed
kept,term,4414,hong_kong,CHUNG CHI ALUMNI HANDICAP,崇基校友让赛,崇基校友让赛,original marker is not bracketed
kept,term,4419,hong_kong,CUMBERLAND HANDICAP,金巴伦让赛,金巴伦让赛,original marker is not bracketed
kept,term,4420,hong_kong,CW CHU AND WU YEE SUN ALUMNI HANDICAP,敬文与伍宜孙校友让赛,敬文与伍宜孙校友让赛,original marker is not bracketed
kept,term,4424,hong_kong,DESIGNS ON ROME HANDICAP,威尔顿让赛,威尔顿让赛,original marker is not bracketed
kept,term,4427,hong_kong,ESSEX HANDICAP,雅息士让赛,雅息士让赛,original marker is not bracketed
kept,term,4430,hong_kong,FACULTY OF EDUCATION ALUMNI HANDICAP,教育学院校友让赛,教育学院校友让赛,original marker is not bracketed
kept,term,4432,hong_kong,FAY FAY HANDICAP,阳明飞飞让赛,阳明飞飞让赛,original marker is not bracketed
kept,term,4435,hong_kong,FURORE HANDICAP,添满意让赛,添满意让赛,original marker is not bracketed
kept,term,4439,hong_kong,GRADUATE SCHOOL ALUMNI HANDICAP,研究院校友让赛,研究院校友让赛,original marker is not bracketed
kept,term,4440,hong_kong,GREEN ISLAND HANDICAP,青洲让赛,青洲让赛,original marker is not bracketed
kept,term,4442,hong_kong,HAU WONG HANDICAP,侯王让赛,侯王让赛,original marker is not bracketed
kept,term,4445,hong_kong,HOK YUEN HANDICAP,鹤园让赛,鹤园让赛,original marker is not bracketed
kept,term,4448,hong_kong,JUNCTION HANDICAP,联合让赛,联合让赛,original marker is not bracketed
kept,term,4449,hong_kong,KC SMART MOBILITY HANDICAP,冠忠智慧出行让赛,冠忠智慧出行让赛,original marker is not bracketed
kept,term,4450,hong_kong,KENT HANDICAP,根德让赛,根德让赛,original marker is not bracketed
kept,term,4452,hong_kong,KOWLOON CITY HANDICAP,九龙城让赛,九龙城让赛,original marker is not bracketed
kept,term,4453,hong_kong,KWOON CHUNG CROSS BOUNDARY SERVICE HANDICAP,冠忠跨境服务让赛,冠忠跨境服务让赛,original marker is not bracketed
kept,term,4454,hong_kong,KWOON CHUNG INCLUSIVE & ACCESSIBLE SERVICE HANDICAP,冠忠无障碍服务让赛,冠忠无障碍服务让赛,original marker is not bracketed
kept,term,4455,hong_kong,KWOON CHUNG INTERCONTINENTAL LIMOUSINE HANDICAP,冠忠环球轿车让赛,冠忠环球轿车让赛,original marker is not bracketed
kept,term,4456,hong_kong,KWOON CHUNG MOTORS HANDICAP,冠忠游览车让赛,冠忠游览车让赛,original marker is not bracketed
kept,term,4457,hong_kong,LAI PEK SHAN HANDICAP,犁壁山让赛,犁壁山让赛,original marker is not bracketed
kept,term,4458,hong_kong,LAMMA ISLAND HANDICAP,南丫岛让赛,南丫岛让赛,original marker is not bracketed
kept,term,4460,hong_kong,LEE WOO SING ALUMNI HANDICAP,和声校友让赛,和声校友让赛,original marker is not bracketed
kept,term,4461,hong_kong,LEIGHTON HANDICAP,礼顿让赛,礼顿让赛,original marker is not bracketed
kept,term,4463,hong_kong,LOK FU HANDICAP,乐富让赛,乐富让赛,original marker is not bracketed
kept,term,4465,hong_kong,LUGER HANDICAP,战利品让赛,战利品让赛,original marker is not bracketed
kept,term,4466,hong_kong,LUNG KONG HANDICAP,龙岗让赛,龙岗让赛,original marker is not bracketed
kept,term,4467,hong_kong,MA TAU KOK HANDICAP,马头角让赛,马头角让赛,original marker is not bracketed
kept,term,4468,hong_kong,MA TAU WAI HANDICAP,马头围让赛,马头围让赛,original marker is not bracketed
kept,term,4469,hong_kong,MA WAN HANDICAP,马湾让赛,马湾让赛,original marker is not bracketed
kept,term,4470,hong_kong,MORNINGSIDE AND S.H. HO ALUMNI HANDICAP,晨兴与善衡校友让赛,晨兴与善衡校友让赛,original marker is not bracketed
kept,term,4471,hong_kong,NAM KOK HANDICAP,南角让赛,南角让赛,original marker is not bracketed
kept,term,4472,hong_kong,NEEDLE HILL HANDICAP,针山让赛,针山让赛,original marker is not bracketed
kept,term,4474,hong_kong,NEW ASIA ALUMNI HANDICAP,新亚校友让赛,新亚校友让赛,original marker is not bracketed
kept,term,4475,hong_kong,NEW LANTAO BUS HANDICAP,新大屿山巴士让赛,新大屿山巴士让赛,original marker is not bracketed
kept,term,4476,hong_kong,NGA TSIN WAI HANDICAP,衙前围让赛,衙前围让赛,original marker is not bracketed
kept,term,4477,hong_kong,NORFOLK HANDICAP,罗福让赛,罗福让赛,original marker is not bracketed
kept,term,4478,hong_kong,PENG CHAU HANDICAP,坪洲让赛,坪洲让赛,original marker is not bracketed
kept,term,4479,hong_kong,PERCIVAL HANDICAP,波斯富让赛,波斯富让赛,original marker is not bracketed
kept,term,4480,hong_kong,PING HAI STAR HANDICAP,平海福星让赛,平海福星让赛,original marker is not bracketed
kept,term,4485,hong_kong,RAPPER DRAGON HANDICAP,佳龙驹让赛,佳龙驹让赛,original marker is not bracketed
kept,term,4486,hong_kong,RUSSELL HANDICAP,罗素让赛,罗素让赛,original marker is not bracketed
kept,term,4487,hong_kong,RUTLAND HANDICAP,律伦让赛,律伦让赛,original marker is not bracketed
kept,term,4488,hong_kong,SAI WAN SHAN HANDICAP,西湾山让赛,西湾山让赛,original marker is not bracketed
kept,term,4490,hong_kong,SHAW ALUMNI HANDICAP,逸夫校友让赛,逸夫校友让赛,original marker is not bracketed
kept,term,4491,hong_kong,SHEK NGA SHAN HANDICAP,石芽山让赛,石芽山让赛,original marker is not bracketed
kept,term,4492,hong_kong,SHEUNG YEUNG SHAN HANDICAP,上洋山让赛,上洋山让赛,original marker is not bracketed
kept,term,4493,hong_kong,SKY DARCI HANDICAP,达心星让赛,达心星让赛,original marker is not bracketed
kept,term,4496,hong_kong,SOKO ISLANDS HANDICAP,索罟群岛让赛,索罟群岛让赛,original marker is not bracketed
kept,term,4498,hong_kong,SOMERSET HANDICAP,森麻实让赛,森麻实让赛,original marker is not bracketed
kept,term,4499,hong_kong,SOUTH WALL HANDICAP,城南让赛,城南让赛,original marker is not bracketed
kept,term,4502,hong_kong,SUFFOLK HANDICAP,沙福让赛,沙福让赛,original marker is not bracketed
kept,term,4511,hong_kong,TAI FUNG COACH HANDICAP,泰丰巴士让赛,泰丰巴士让赛,original marker is not bracketed
kept,term,4512,hong_kong,TAK KU LING HANDICAP,打鼓岭让赛,打鼓岭让赛,original marker is not bracketed
kept,term,4524,hong_kong,TIN LOK HANDICAP,天乐让赛,天乐让赛,original marker is not bracketed
kept,term,4525,hong_kong,TO KWA WAN HANDICAP,土瓜湾让赛,土瓜湾让赛,original marker is not bracketed
kept,term,4526,hong_kong,TRANS-ISLAND CHINALINK HANDICAP,环岛中港通让赛,环岛中港通让赛,original marker is not bracketed
kept,term,4528,hong_kong,UNITED ALUMNI HANDICAP,联合校友让赛,联合校友让赛,original marker is not bracketed
kept,term,4531,hong_kong,WANG TAU HOM HANDICAP,横头磡让赛,横头磡让赛,original marker is not bracketed
kept,term,4532,hong_kong,WERTHER HANDICAP,明月千里让赛,明月千里让赛,original marker is not bracketed
kept,term,4534,hong_kong,WONG LENG HANDICAP,黄岭让赛,黄岭让赛,original marker is not bracketed
kept,term,4535,hong_kong,WONG NAI CHUNG HANDICAP,黄泥涌让赛,黄泥涌让赛,original marker is not bracketed
kept,term,4539,hong_kong,ADVANCING CULTURE & SPORTS 1800M HANDICAP,文体发展1800米让赛,文体发展1800米让赛,original marker is not bracketed
kept,term,4540,hong_kong,BARKER HANDICAP,白加让赛,白加让赛,original marker is not bracketed
kept,term,4543,hong_kong,BOWEN HANDICAP,宝云让赛,宝云让赛,original marker is not bracketed
kept,term,4547,hong_kong,BUSAN HANDICAP,釜山让赛,釜山让赛,original marker is not bracketed
kept,term,4550,hong_kong,CHAOYANGMEN HANDICAP,朝阳门让赛,朝阳门让赛,original marker is not bracketed
kept,term,4555,hong_kong,DAEGU HANDICAP,大邱让赛,大邱让赛,original marker is not bracketed
kept,term,4556,hong_kong,DENGSHIKOU HANDICAP,灯市口让赛,灯市口让赛,original marker is not bracketed
kept,term,4557,hong_kong,DONGCHENG DISTRICT HANDICAP,东城区让赛,东城区让赛,original marker is not bracketed
kept,term,4558,hong_kong,DONGSINAN HANDICAP,东四南让赛,东四南让赛,original marker is not bracketed
kept,term,4559,hong_kong,DONGZHIMEN HANDICAP,东直门让赛,东直门让赛,original marker is not bracketed
kept,term,4562,hong_kong,EMPOWERING YOUTH 1200M HANDICAP,启发青年1200米让赛,启发青年1200米让赛,original marker is not bracketed
kept,term,4564,hong_kong,FLAMINGO FLOWER HANDICAP,红掌花让赛,红掌花让赛,original marker is not bracketed
kept,term,4565,hong_kong,FREESIA HANDICAP,小苍兰让赛,小苍兰让赛,original marker is not bracketed
kept,term,4566,hong_kong,FWD INSURANCE ACT PRIVATE HANDICAP,富卫保险永强让赛,富卫保险永强让赛,original marker is not bracketed
kept,term,4567,hong_kong,FWD INSURANCE BOCOM HANDICAP,富卫保险交通银行让赛,富卫保险交通银行让赛,original marker is not bracketed
kept,term,4568,hong_kong,FWD INSURANCE CCB (ASIA) HANDICAP,富卫保险建行亚洲让赛,富卫保险建行亚洲让赛,original marker is not bracketed
kept,term,4569,hong_kong,FWD INSURANCE CMB WING LUNG BANK HANDICAP,富卫保险招商永隆银行让赛,富卫保险招商永隆银行让赛,original marker is not bracketed
kept,term,4570,hong_kong,FWD INSURANCE GOAHEAD GROUP HANDICAP,富卫保险尚仁让赛,富卫保险尚仁让赛,original marker is not bracketed
kept,term,4571,hong_kong,FWD INSURANCE ICBC (ASIA) HANDICAP,富卫保险工银亚洲让赛,富卫保险工银亚洲让赛,original marker is not bracketed
kept,term,4572,hong_kong,FWD INSURANCE NCB HANDICAP,富卫保险南洋商业银行让赛,富卫保险南洋商业银行让赛,original marker is not bracketed
kept,term,4573,hong_kong,GERANIUM HANDICAP,洋葵让赛,洋葵让赛,original marker is not bracketed
kept,term,4576,hong_kong,HALLASAN HANDICAP,汉拏山让赛,汉拏山让赛,original marker is not bracketed
kept,term,4578,hong_kong,HARLECH HANDICAP,夏力让赛,夏力让赛,original marker is not bracketed
kept,term,4579,hong_kong,HEALTHY COMMUNITY 1600M HANDICAP,健康社区1600米让赛,健康社区1600米让赛,original marker is not bracketed
kept,term,4581,hong_kong,HOMESTEAD HANDICAP,堪仕达让赛,堪仕达让赛,original marker is not bracketed
kept,term,4584,hong_kong,INCHEON HANDICAP,仁川让赛,仁川让赛,original marker is not bracketed
kept,term,4585,hong_kong,INSTITUTE OF PHILANTHROPY 1200M HANDICAP,公益慈善研究院1200米让赛,公益慈善研究院1200米让赛,original marker is not bracketed
kept,term,4587,hong_kong,JC PROJECT LIFT 1400M HANDICAP,赛马会跃见新生活1400米让赛,赛马会跃见新生活1400米让赛,original marker is not bracketed
kept,term,4588,hong_kong,JEJU HANDICAP,济州让赛,济州让赛,original marker is not bracketed
kept,term,4589,hong_kong,JIANGUOMEN HANDICAP,建国门让赛,建国门让赛,original marker is not bracketed
kept,term,4590,hong_kong,JINBAO STREET HANDICAP,金宝街让赛,金宝街让赛,original marker is not bracketed
kept,term,4593,hong_kong,KALANCHOE HANDICAP,家乐花让赛,家乐花让赛,original marker is not bracketed
kept,term,4594,hong_kong,KAP SHUI MUN HANDICAP,汲水门让赛,汲水门让赛,original marker is not bracketed
kept,term,4596,hong_kong,LAVENDER HANDICAP,薰衣草让赛,薰衣草让赛,original marker is not bracketed
kept,term,4599,hong_kong,LUGARD HANDICAP,卢吉让赛,卢吉让赛,original marker is not bracketed
kept,term,4601,hong_kong,MAGAZINE GAP HANDICAP,马己仙峡让赛,马己仙峡让赛,original marker is not bracketed
kept,term,4607,hong_kong,MOUNT BUTLER HANDICAP,毕拿山让赛,毕拿山让赛,original marker is not bracketed
kept,term,4608,hong_kong,MOUNT CAMERON HANDICAP,金马伦山让赛,金马伦山让赛,original marker is not bracketed
kept,term,4611,hong_kong,NURTURING TALENT 1200M HANDICAP,人才发展1200米让赛,人才发展1200米让赛,original marker is not bracketed
kept,term,4613,hong_kong,ONCIDIUM HANDICAP,跳舞兰让赛,跳舞兰让赛,original marker is not bracketed
kept,term,4615,hong_kong,PLANTATION HANDICAP,种植让赛,种植让赛,original marker is not bracketed
kept,term,4616,hong_kong,POLLOCK HANDICAP,普乐让赛,普乐让赛,original marker is not bracketed
kept,term,4617,hong_kong,POSITIVE AGEING 1650M HANDICAP,丰盛耆年1650米让赛,丰盛耆年1650米让赛,original marker is not bracketed
kept,term,4621,hong_kong,RACING FOR CHARITY 1650M HANDICAP,赛马惠慈善1650米让赛,赛马惠慈善1650米让赛,original marker is not bracketed
kept,term,4623,hong_kong,RAMBLER CHANNEL HANDICAP,蓝巴勒海峡让赛,蓝巴勒海峡让赛,original marker is not bracketed
kept,term,4629,hong_kong,SEOUL HANDICAP,首尔让赛,首尔让赛,original marker is not bracketed
kept,term,4630,hong_kong,SEVERN HANDICAP,施勋让赛,施勋让赛,original marker is not bracketed
kept,term,4631,hong_kong,SHAM TSENG HANDICAP,深井让赛,深井让赛,original marker is not bracketed
kept,term,4633,hong_kong,SIU MA SHAN HANDICAP,小马山让赛,小马山让赛,original marker is not bracketed
kept,term,4637,hong_kong,STONECUTTERS ISLAND HANDICAP,昂船洲让赛,昂船洲让赛,original marker is not bracketed
kept,term,4638,hong_kong,STUBBS HANDICAP,司徒拔让赛,司徒拔让赛,original marker is not bracketed
kept,term,4640,hong_kong,SUSTAINABILITY 1400M HANDICAP,可持续发展1400米让赛,可持续发展1400米让赛,original marker is not bracketed
kept,term,4654,hong_kong,TING KAU HANDICAP,汀九让赛,汀九让赛,original marker is not bracketed
kept,term,4656,hong_kong,WAN CHAI GAP HANDICAP,湾仔峡让赛,湾仔峡让赛,original marker is not bracketed
kept,term,4662,hong_kong,YAU KOM TAU HANDICAP,油柑头让赛,油柑头让赛,original marker is not bracketed
kept,term,4663,hong_kong,YEONGCHEON HANDICAP,永川让赛,永川让赛,original marker is not bracketed
kept,term,4666,hong_kong,AUSTIN HANDICAP,柯士甸让赛,柯士甸让赛,original marker is not bracketed
kept,term,4667,hong_kong,AUTEUIL HANDICAP,欧特伊让赛,欧特伊让赛,original marker is not bracketed
kept,term,4668,hong_kong,BEAS RIVER COUNTRY CLUB 1400M HANDICAP,双鱼河乡村会所1400米让赛,双鱼河乡村会所1400米让赛,original marker is not bracketed
kept,term,4669,hong_kong,BEIJING CLUBHOUSE 1400M HANDICAP,北京会所1400米让赛,北京会所1400米让赛,original marker is not bracketed
kept,term,4670,hong_kong,BRANDY SNAP HANDICAP,酒味脆饼让赛,酒味脆饼让赛,original marker is not bracketed
kept,term,4673,hong_kong,CHANTILLY HANDICAP,尚蒂伊让赛,尚蒂伊让赛,original marker is not bracketed
kept,term,4674,hong_kong,CHESTER HANDICAP,志士达让赛,志士达让赛,original marker is not bracketed
kept,term,4676,hong_kong,CHUN SHEK HANDICAP,秦石让赛,秦石让赛,original marker is not bracketed
kept,term,4677,hong_kong,CHUNG ON HANDICAP,颂安让赛,颂安让赛,original marker is not bracketed
kept,term,4680,hong_kong,CIRON HANDICAP,锡龙河让赛,锡龙河让赛,original marker is not bracketed
kept,term,4682,hong_kong,COCHRANE HANDICAP,阁麟让赛,阁麟让赛,original marker is not bracketed
kept,term,4684,hong_kong,D'AGUILAR HANDICAP,德己立让赛,德己立让赛,original marker is not bracketed
kept,term,4685,hong_kong,DEAUVILLE HANDICAP,多维尔让赛,多维尔让赛,original marker is not bracketed
kept,term,4686,hong_kong,DORDOGNE HANDICAP,多尔多涅河让赛,多尔多涅河让赛,original marker is not bracketed
kept,term,4688,hong_kong,EXULTANT HANDICAP,时时精彩让赛,时时精彩让赛,original marker is not bracketed
kept,term,4691,hong_kong,FUNG WO HANDICAP,丰和让赛,丰和让赛,original marker is not bracketed
kept,term,4692,hong_kong,GAME SPIRIT HANDICAP,果敢精神让赛,果敢精神让赛,original marker is not bracketed
kept,term,4693,hong_kong,GARONNE HANDICAP,加龙河让赛,加龙河让赛,original marker is not bracketed
kept,term,4694,hong_kong,GLENEALY HANDICAP,己连拿利让赛,己连拿利让赛,original marker is not bracketed
kept,term,4695,hong_kong,GRAHAM HANDICAP,嘉咸让赛,嘉咸让赛,original marker is not bracketed
kept,term,4697,hong_kong,HELENE SUPER STAR HANDICAP,喜莲巨星让赛,喜莲巨星让赛,original marker is not bracketed
kept,term,4698,hong_kong,HEREFORD HANDICAP,禧福让赛,禧福让赛,original marker is not bracketed
kept,term,4699,hong_kong,HIN YIU HANDICAP,显耀让赛,显耀让赛,original marker is not bracketed
kept,term,4700,hong_kong,HO MAN TIN HANDICAP,何文田让赛,何文田让赛,original marker is not bracketed
kept,term,4701,hong_kong,HUNG HOM HANDICAP,红磡让赛,红磡让赛,original marker is not bracketed
kept,term,4702,hong_kong,INCH ARRAN HANDICAP,英奇阿伦让赛,英奇阿伦让赛,original marker is not bracketed
kept,term,4703,hong_kong,INDIGENOUS HANDICAP,原居民让赛,原居民让赛,original marker is not bracketed
kept,term,4704,hong_kong,INSULAR HANDICAP,宝岛让赛,宝岛让赛,original marker is not bracketed
kept,term,4705,hong_kong,ISLE OF MAN HANDICAP,曼岛让赛,曼岛让赛,original marker is not bracketed
kept,term,4706,hong_kong,JORDAN HANDICAP,佐敦让赛,佐敦让赛,original marker is not bracketed
kept,term,4708,hong_kong,LANCASHIRE HANDICAP,兰开夏让赛,兰开夏让赛,original marker is not bracketed
kept,term,4709,hong_kong,LEE ON HANDICAP,利安让赛,利安让赛,original marker is not bracketed
kept,term,4710,hong_kong,LEVADE 1200M HANDICAP,LEVADE 1200米让赛,LEVADE 1200米让赛,original marker is not bracketed
kept,term,4711,hong_kong,LOIRE HANDICAP,卢瓦尔河让赛,卢瓦尔河让赛,original marker is not bracketed
kept,term,4713,hong_kong,MAISONS-LAFFITTE HANDICAP,迈松拉菲特让赛,迈松拉菲特让赛,original marker is not bracketed
kept,term,4714,hong_kong,MAKARPURA STAR HANDICAP,有性格让赛,有性格让赛,original marker is not bracketed
kept,term,4715,hong_kong,MANICOU HANDICAP,万利厩让赛,万利厩让赛,original marker is not bracketed
kept,term,4718,hong_kong,MEI LAM HANDICAP,美林让赛,美林让赛,original marker is not bracketed
kept,term,4720,hong_kong,MONAVEEN HANDICAP,蒙鲁连平让赛,蒙鲁连平让赛,original marker is not bracketed
kept,term,4721,hong_kong,MONG KOK HANDICAP,旺角让赛,旺角让赛,original marker is not bracketed
kept,term,4722,hong_kong,NORMAN CONQUEROR HANDICAP,诺曼征服让赛,诺曼征服让赛,original marker is not bracketed
kept,term,4724,hong_kong,ON LAN HANDICAP,安兰让赛,安兰让赛,original marker is not bracketed
kept,term,4725,hong_kong,ORIENTAL EXPRESS HANDICAP,奔腾让赛,奔腾让赛,original marker is not bracketed
kept,term,4726,hong_kong,OWNERSHIP PRIDE 1200M HANDICAP,马主骄傲1200米让赛,马主骄傲1200米让赛,original marker is not bracketed
kept,term,4728,hong_kong,PARISLONGCHAMP HANDICAP,巴黎隆尚让赛,巴黎隆尚让赛,original marker is not bracketed
kept,term,4729,hong_kong,RACING HERITAGE 1400M HANDICAP,赛马传统1400米让赛,赛马传统1400米让赛,original marker is not bracketed
kept,term,4730,hong_kong,RACING PASSION 1200M HANDICAP,驰骋之心1200米让赛,驰骋之心1200米让赛,original marker is not bracketed
kept,term,4732,hong_kong,RENFREW HANDICAP,联福让赛,联福让赛,original marker is not bracketed
kept,term,4733,hong_kong,RHINE HANDICAP,莱茵河让赛,莱茵河让赛,original marker is not bracketed
kept,term,4734,hong_kong,RHONE HANDICAP,罗纳河让赛,罗纳河让赛,original marker is not bracketed
kept,term,4735,hong_kong,RIVER VERDON HANDICAP,翠河让赛,翠河让赛,original marker is not bracketed
kept,term,4736,hong_kong,SAINT-CLOUD HANDICAP,圣格卢让赛,圣格卢让赛,original marker is not bracketed
kept,term,4737,hong_kong,SEINE HANDICAP,塞纳河让赛,塞纳河让赛,original marker is not bracketed
kept,term,4738,hong_kong,SELKIRK HANDICAP,西谷让赛,西谷让赛,original marker is not bracketed
kept,term,4739,hong_kong,SHA TIN CLUBHOUSE 1400M HANDICAP,沙田会所1400米让赛,沙田会所1400米让赛,original marker is not bracketed
kept,term,4740,hong_kong,SHELLEY HANDICAP,些利让赛,些利让赛,original marker is not bracketed
kept,term,4741,hong_kong,SHUI CHUEN O HANDICAP,水泉澳让赛,水泉澳让赛,original marker is not bracketed
kept,term,4746,hong_kong,SPECIAL CARGO HANDICAP,奇货让赛,奇货让赛,original marker is not bracketed
kept,term,4756,hong_kong,THE HILLTOP IN THE VALLEY 1800M HANDICAP,THE HILLTOP IN THE VALLEY 1800米让赛,THE HILLTOP IN THE VALLEY 1800米让赛,original marker is not bracketed
kept,term,4761,hong_kong,THE RACING CLUB 1200M HANDICAP,竞骏会1200米让赛,竞骏会1200米让赛,original marker is not bracketed
kept,term,4769,hong_kong,TSIM SHA TSUI HANDICAP,尖沙咀让赛,尖沙咀让赛,original marker is not bracketed
kept,term,4770,hong_kong,VENGEANCE OF RAIN HANDICAP,爪皇凌雨让赛,爪皇凌雨让赛,original marker is not bracketed
kept,term,4772,hong_kong,VIVA PATACA HANDICAP,爆冷让赛,爆冷让赛,original marker is not bracketed
kept,term,4773,hong_kong,WILTSHIRE HANDICAP,渭州让赛,渭州让赛,original marker is not bracketed
kept,term,4775,hong_kong,WYNDHAM HANDICAP,云咸让赛,云咸让赛,original marker is not bracketed
kept,term,4776,hong_kong,YAU MA TEI HANDICAP,油麻地让赛,油麻地让赛,original marker is not bracketed
kept,term,4779,hong_kong,AMETHYST HANDICAP,紫晶让赛,紫晶让赛,original marker is not bracketed
kept,term,4781,hong_kong,ASTER HANDICAP,紫菀让赛,紫菀让赛,original marker is not bracketed
kept,term,4782,hong_kong,BEAS RIVER HANDICAP,双鱼河让赛,双鱼河让赛,original marker is not bracketed
kept,term,4783,hong_kong,BELLFLOWER HANDICAP,风铃花让赛,风铃花让赛,original marker is not bracketed
kept,term,4785,hong_kong,BUTTERFLY BAY HANDICAP,蝴蝶湾让赛,蝴蝶湾让赛,original marker is not bracketed
kept,term,4786,hong_kong,CAMELLIA HANDICAP,山茶让赛,山茶让赛,original marker is not bracketed
kept,term,4787,hong_kong,CHAI WAN ROAD HANDICAP,柴湾道让赛,柴湾道让赛,original marker is not bracketed
kept,term,4788,hong_kong,CHAMOMILE HANDICAP,洋甘菊让赛,洋甘菊让赛,original marker is not bracketed
kept,term,4789,hong_kong,CLEAR WATER BAY HANDICAP,清水湾让赛,清水湾让赛,original marker is not bracketed
kept,term,4793,hong_kong,DIAMOND HANDICAP,钻石让赛,钻石让赛,original marker is not bracketed
kept,term,4794,hong_kong,DIANTHUS HANDICAP,石竹让赛,石竹让赛,original marker is not bracketed
kept,term,4796,hong_kong,EMERALD HANDICAP,绿宝石让赛,绿宝石让赛,original marker is not bracketed
kept,term,4797,hong_kong,FO TAN HANDICAP,火炭让赛,火炭让赛,original marker is not bracketed
kept,term,4801,hong_kong,GRASS ISLAND HANDICAP,塔门让赛,塔门让赛,original marker is not bracketed
kept,term,4803,hong_kong,HEATHER HANDICAP,石楠让赛,石楠让赛,original marker is not bracketed
kept,term,4804,hong_kong,HOI HA HANDICAP,海下让赛,海下让赛,original marker is not bracketed
kept,term,4806,hong_kong,KAT O HANDICAP,吉澳洲让赛,吉澳洲让赛,original marker is not bracketed
kept,term,4807,hong_kong,KAU SAI CHAU HANDICAP,滘西洲让赛,滘西洲让赛,original marker is not bracketed
kept,term,4808,hong_kong,KAU TO SHAN HANDICAP,九肚山让赛,九肚山让赛,original marker is not bracketed
kept,term,4809,hong_kong,KIU TSUI HANDICAP,桥咀让赛,桥咀让赛,original marker is not bracketed
kept,term,4810,hong_kong,LAPIS LAZULI HANDICAP,青金石让赛,青金石让赛,original marker is not bracketed
kept,term,4811,hong_kong,LEI YUE MUN PUBLIC RIDING SCHOOL HANDICAP,鲤鱼门公众骑术学校让赛,鲤鱼门公众骑术学校让赛,original marker is not bracketed
kept,term,4812,hong_kong,LUNG MUN ROAD HANDICAP,龙门路让赛,龙门路让赛,original marker is not bracketed
kept,term,4813,hong_kong,MA LIU SHUI HANDICAP,马料水让赛,马料水让赛,original marker is not bracketed
kept,term,4816,hong_kong,MIRS BAY HANDICAP,大鹏湾让赛,大鹏湾让赛,original marker is not bracketed
kept,term,4818,hong_kong,MOUNT NICHOLSON HANDICAP,聂高信山让赛,聂高信山让赛,original marker is not bracketed
kept,term,4819,hong_kong,NAM CHUNG RIVER HANDICAP,南涌河让赛,南涌河让赛,original marker is not bracketed
kept,term,4821,hong_kong,NG TUNG RIVER HANDICAP,梧桐河让赛,梧桐河让赛,original marker is not bracketed
kept,term,4823,hong_kong,PENFOLD PARK HANDICAP,彭福公园让赛,彭福公园让赛,original marker is not bracketed
kept,term,4824,hong_kong,POK FU LAM COUNTRY PARK HANDICAP,薄扶林郊野公园让赛,薄扶林郊野公园让赛,original marker is not bracketed
kept,term,4825,hong_kong,POK FU LAM PUBLIC RIDING SCHOOL HANDICAP,薄扶林公众骑术学校让赛,薄扶林公众骑术学校让赛,original marker is not bracketed
kept,term,4826,hong_kong,POK FU LAM RESERVOIR ROAD HANDICAP,薄扶林水塘道让赛,薄扶林水塘道让赛,original marker is not bracketed
kept,term,4828,hong_kong,PORT SHELTER HANDICAP,牛尾海让赛,牛尾海让赛,original marker is not bracketed
kept,term,4830,hong_kong,RUBY HANDICAP,红宝石让赛,红宝石让赛,original marker is not bracketed
kept,term,4831,hong_kong,SAPPHIRE HANDICAP,蓝宝石让赛,蓝宝石让赛,original marker is not bracketed
kept,term,4832,hong_kong,SHA TAU KOK RIVER HANDICAP,沙头角河让赛,沙头角河让赛,original marker is not bracketed
kept,term,4833,hong_kong,SHA TIN HOI HANDICAP,沙田海让赛,沙田海让赛,original marker is not bracketed
kept,term,4834,hong_kong,SHEK SHEUNG RIVER HANDICAP,石上河让赛,石上河让赛,original marker is not bracketed
kept,term,4835,hong_kong,SHING MUN RIVER CHANNEL HANDICAP,城门河道让赛,城门河道让赛,original marker is not bracketed
kept,term,4836,hong_kong,SHOUSON HILL HANDICAP,寿臣山让赛,寿臣山让赛,original marker is not bracketed
kept,term,4839,hong_kong,SPESSARTINE GARNET HANDICAP,橙石榴让赛,橙石榴让赛,original marker is not bracketed
kept,term,4841,hong_kong,STANLEY GAP HANDICAP,赤柱峡让赛,赤柱峡让赛,original marker is not bracketed
kept,term,4844,hong_kong,TAI TAM GAP HANDICAP,大潭峡让赛,大潭峡让赛,original marker is not bracketed
kept,term,4845,hong_kong,TAN SHAN RIVER HANDICAP,丹山河让赛,丹山河让赛,original marker is not bracketed
kept,term,4855,hong_kong,THISTLE HANDICAP,蓟花让赛,蓟花让赛,original marker is not bracketed
kept,term,4856,hong_kong,TIU CHUNG CHAU HANDICAP,吊钟洲让赛,吊钟洲让赛,original marker is not bracketed
kept,term,4857,hong_kong,TOLO HARBOUR HANDICAP,吐露港让赛,吐露港让赛,original marker is not bracketed
kept,term,4858,hong_kong,TOPAZ HANDICAP,黄宝石让赛,黄宝石让赛,original marker is not bracketed
kept,term,4860,hong_kong,TUEN MUN PUBLIC RIDING SCHOOL HANDICAP,屯门公众骑术学校让赛,屯门公众骑术学校让赛,original marker is not bracketed
kept,term,4862,hong_kong,VIOLET HANDICAP,紫罗兰让赛,紫罗兰让赛,original marker is not bracketed
kept,term,4863,hong_kong,VIOLET HILL HANDICAP,紫罗兰山让赛,紫罗兰山让赛,original marker is not bracketed
kept,term,4865,hong_kong,WONG NAI CHUNG GAP HANDICAP,黄泥涌峡让赛,黄泥涌峡让赛,original marker is not bracketed
kept,term,4869,hong_kong,ALL YOU WISH HANDICAP,随心随意让赛,随心随意让赛,original marker is not bracketed
kept,term,4873,hong_kong,BETTER FUTURE 1600M HANDICAP,更好未来1600米让赛,更好未来1600米让赛,original marker is not bracketed
kept,term,4874,hong_kong,BIG PROFIT HANDICAP,大有利让赛,大有利让赛,original marker is not bracketed
kept,term,4875,hong_kong,BRIAR HANDICAP,比雅让赛,比雅让赛,original marker is not bracketed
kept,term,4876,hong_kong,BROOM HANDICAP,蟠龙让赛,蟠龙让赛,original marker is not bracketed
kept,term,4878,hong_kong,CHEONG MING HANDICAP,昌明让赛,昌明让赛,original marker is not bracketed
kept,term,4879,hong_kong,CONTINUOUS DEVELOPMENT 1400M HANDICAP,持续进步1400米让赛,持续进步1400米让赛,original marker is not bracketed
kept,term,4882,hong_kong,FAST MOST FURIOUS HANDICAP,百步穿云让赛,百步穿云让赛,original marker is not bracketed
kept,term,4890,hong_kong,HAWTHORN HANDICAP,荷塘让赛,荷塘让赛,original marker is not bracketed
kept,term,4892,hong_kong,JOY AND FUN HANDICAP,时尚风采让赛,时尚风采让赛,original marker is not bracketed
kept,term,4893,hong_kong,KWAI FONG HANDICAP,葵芳让赛,葵芳让赛,original marker is not bracketed
kept,term,4894,hong_kong,LET ME FIGHT HANDICAP,共创未来让赛,共创未来让赛,original marker is not bracketed
kept,term,4898,hong_kong,LUCKY PATCH HANDICAP,表之未来让赛,表之未来让赛,original marker is not bracketed
kept,term,4899,hong_kong,MEDIC KINGDOM HANDICAP,无敌王者让赛,无敌王者让赛,original marker is not bracketed
kept,term,4900,hong_kong,MIN FAT HANDICAP,绵发让赛,绵发让赛,original marker is not bracketed
kept,term,4901,hong_kong,MIRACULOUS HANDICAP,叫关领让赛,叫关领让赛,original marker is not bracketed
kept,term,4903,hong_kong,MR AWARD HANDICAP,叻先生让赛,叻先生让赛,original marker is not bracketed
kept,term,4904,hong_kong,PINGWU SPARK HANDICAP,平湖之星让赛,平湖之星让赛,original marker is not bracketed
kept,term,4905,hong_kong,RACING GOES ON 1000M HANDICAP,马照跑1000米让赛,马照跑1000米让赛,original marker is not bracketed
kept,term,4906,hong_kong,RIDING HIGH TOGETHER 1400M HANDICAP,同心同步同进1400米让赛,同心同步同进1400米让赛,original marker is not bracketed
kept,term,4908,hong_kong,SERVING THE COMMUNITY 1200M HANDICAP,服务社群1200米让赛,服务社群1200米让赛,original marker is not bracketed
kept,term,4909,hong_kong,SHING PING HANDICAP,升平让赛,升平让赛,original marker is not bracketed
kept,term,4910,hong_kong,SIGHT WINNER HANDICAP,胜眼光让赛,胜眼光让赛,original marker is not bracketed
kept,term,4912,hong_kong,SILVER GRECIAN HANDICAP,摩法神采让赛,摩法神采让赛,original marker is not bracketed
kept,term,4913,hong_kong,SOLAR HEI HEI HANDICAP,太阳喜喜让赛,太阳喜喜让赛,original marker is not bracketed
kept,term,4915,hong_kong,SPORTSMANSHIP 1200M HANDICAP,体育精神1200米让赛,体育精神1200米让赛,original marker is not bracketed
kept,term,4916,hong_kong,STAR SHINE HANDICAP,辉煌星让赛,辉煌星让赛,original marker is not bracketed
kept,term,4918,hong_kong,SUN JEWELLERY HANDICAP,首饰太阳让赛,首饰太阳让赛,original marker is not bracketed
kept,term,4919,hong_kong,SUPER OASIS HANDICAP,超级绿洲让赛,超级绿洲让赛,original marker is not bracketed
kept,term,4921,hong_kong,SWEET ORANGE HANDICAP,甜橙让赛,甜橙让赛,original marker is not bracketed
kept,term,4936,hong_kong,TSUN YUEN HANDICAP,晋源让赛,晋源让赛,original marker is not bracketed
kept,term,4937,hong_kong,TURIN REDSUN HANDICAP,都灵太阳让赛,都灵太阳让赛,original marker is not bracketed
kept,term,4938,hong_kong,UNCOMPROMISING INTEGRITY 1400M HANDICAP,坚守诚信1400米让赛,坚守诚信1400米让赛,original marker is not bracketed
kept,term,4939,hong_kong,VICTORY MARVEL HANDICAP,胜利名星让赛,胜利名星让赛,original marker is not bracketed
kept,term,4940,hong_kong,WORLD-CLASS LEADERSHIP 1400M HANDICAP,卓越领导1400米让赛,卓越领导1400米让赛,original marker is not bracketed
kept,term,4943,hong_kong,CAUSEWAY BAY HANDICAP,铜锣湾让赛,铜锣湾让赛,original marker is not bracketed
kept,term,4944,hong_kong,CENTRAL HANDICAP,中环让赛,中环让赛,original marker is not bracketed
kept,term,4945,hong_kong,CHUNG HOM KOK HANDICAP,舂坎角让赛,舂坎角让赛,original marker is not bracketed
kept,term,4946,hong_kong,DEEP WATER BAY HANDICAP,深水湾让赛,深水湾让赛,original marker is not bracketed
kept,term,4950,hong_kong,GOLDEN SIXTY HANDICAP,金鎗六十让赛,金鎗六十让赛,original marker is not bracketed
kept,term,4951,hong_kong,HING WAH HANDICAP,兴华让赛,兴华让赛,original marker is not bracketed
kept,term,4952,hong_kong,HO PUI HANDICAP,河背让赛,河背让赛,original marker is not bracketed
kept,term,4953,hong_kong,HOI MEI HANDICAP,海美让赛,海美让赛,original marker is not bracketed
kept,term,4954,hong_kong,HOI PA HANDICAP,海坝让赛,海坝让赛,original marker is not bracketed
kept,term,4955,hong_kong,HONG TUNG HANDICAP,康东让赛,康东让赛,original marker is not bracketed
kept,term,4956,hong_kong,HWAMEI HANDICAP,画眉让赛,画眉让赛,original marker is not bracketed
kept,term,4957,hong_kong,ISLAND HANDICAP,香岛让赛,香岛让赛,original marker is not bracketed
kept,term,4958,hong_kong,KOWLOON PEAK HANDICAP,飞鹅山让赛,飞鹅山让赛,original marker is not bracketed
kept,term,4959,hong_kong,KWONG FUK HANDICAP,广福让赛,广福让赛,original marker is not bracketed
kept,term,4960,hong_kong,KWUN TONG HANDICAP,观塘让赛,观塘让赛,original marker is not bracketed
kept,term,4961,hong_kong,LANTAU PEAK HANDICAP,凤凰山让赛,凤凰山让赛,original marker is not bracketed
kept,term,4962,hong_kong,LIDO HANDICAP,丽都湾让赛,丽都湾让赛,original marker is not bracketed
kept,term,4963,hong_kong,LIN FA SHAN HANDICAP,莲花山让赛,莲花山让赛,original marker is not bracketed
kept,term,4964,hong_kong,LOK WAH HANDICAP,乐华让赛,乐华让赛,original marker is not bracketed
kept,term,4965,hong_kong,MA ON SHAN HANDICAP,马鞍山让赛,马鞍山让赛,original marker is not bracketed
kept,term,4966,hong_kong,MAGPIE HANDICAP,喜鹊让赛,喜鹊让赛,original marker is not bracketed
kept,term,4967,hong_kong,MEI TUNG HANDICAP,美东让赛,美东让赛,original marker is not bracketed
kept,term,4968,hong_kong,NORTH POINT HANDICAP,北角让赛,北角让赛,original marker is not bracketed
kept,term,4969,hong_kong,OI TUNG HANDICAP,爱东让赛,爱东让赛,original marker is not bracketed
kept,term,4972,hong_kong,PARROT HANDICAP,鹦鹉让赛,鹦鹉让赛,original marker is not bracketed
kept,term,4974,hong_kong,QUARRY BAY HANDICAP,鲗鱼涌让赛,鲗鱼涌让赛,original marker is not bracketed
kept,term,4976,hong_kong,SHA TSUI HANDICAP,沙咀让赛,沙咀让赛,original marker is not bracketed
kept,term,4977,hong_kong,SHEK O HANDICAP,石澳让赛,石澳让赛,original marker is not bracketed
kept,term,4978,hong_kong,SHRIKE HANDICAP,伯劳让赛,伯劳让赛,original marker is not bracketed
kept,term,4979,hong_kong,SO KON PO HANDICAP,扫杆埔让赛,扫杆埔让赛,original marker is not bracketed
kept,term,4981,hong_kong,STANLEY HANDICAP,赤柱让赛,赤柱让赛,original marker is not bracketed
kept,term,4982,hong_kong,SUNBIRD HANDICAP,太阳鸟让赛,太阳鸟让赛,original marker is not bracketed
kept,term,4983,hong_kong,SUNSET PEAK HANDICAP,大东山让赛,大东山让赛,original marker is not bracketed
kept,term,4984,hong_kong,SWALLOW HANDICAP,燕子让赛,燕子让赛,original marker is not bracketed
kept,term,4985,hong_kong,TAI HANG HANDICAP,大坑让赛,大坑让赛,original marker is not bracketed
kept,term,4986,hong_kong,TAI HO HANDICAP,大河让赛,大河让赛,original marker is not bracketed
kept,term,4987,hong_kong,TAI MO SHAN HANDICAP,大帽山让赛,大帽山让赛,original marker is not bracketed
kept,term,4988,hong_kong,TAILORBIRD HANDICAP,缝叶莺让赛,缝叶莺让赛,original marker is not bracketed
kept,term,4989,hong_kong,TAK WAH HANDICAP,德华让赛,德华让赛,original marker is not bracketed
kept,term,4996,hong_kong,TSUEN LOK HANDICAP,荃乐让赛,荃乐让赛,original marker is not bracketed
kept,term,4998,hong_kong,WAH FU HANDICAP,华富让赛,华富让赛,original marker is not bracketed
kept,term,4999,hong_kong,WAN CHAI HANDICAP,湾仔让赛,湾仔让赛,original marker is not bracketed
kept,term,5000,hong_kong,WONG CHUK HANG HANDICAP,黄竹坑让赛,黄竹坑让赛,original marker is not bracketed
kept,term,5001,hong_kong,WOODPECKER HANDICAP,啄木鸟让赛,啄木鸟让赛,original marker is not bracketed
kept,term,5002,hong_kong,YEUNG UK HANDICAP,杨屋让赛,杨屋让赛,original marker is not bracketed
kept,term,5003,hong_kong,YI TUNG SHAN HANDICAP,二东山让赛,二东山让赛,original marker is not bracketed
kept,term,5004,hong_kong,YIU TUNG HANDICAP,耀东让赛,耀东让赛,original marker is not bracketed
kept,term,5006,hong_kong,ARTISTIC GYMNASTICS AND TRIATHLON 1200M HANDICAP,体操及三项铁人1200米让赛,体操及三项铁人1200米让赛,original marker is not bracketed
kept,term,5007,hong_kong,ATHLETICS AND JUDO 1200M HANDICAP,田径及柔道1200米让赛,田径及柔道1200米让赛,original marker is not bracketed
kept,term,5009,hong_kong,BADMINTON AND CYCLING 1400M HANDICAP,羽毛球及单车1400米让赛,羽毛球及单车1400米让赛,original marker is not bracketed
kept,term,5010,hong_kong,BEDFORD HANDICAP,必发让赛,必发让赛,original marker is not bracketed
kept,term,5011,hong_kong,BEIJING HANDICAP,北京让赛,北京让赛,original marker is not bracketed
kept,term,5014,hong_kong,CHAOZHOU HANDICAP,潮州让赛,潮州让赛,original marker is not bracketed
kept,term,5015,hong_kong,CHENGDU HANDICAP,成都让赛,成都让赛,original marker is not bracketed
kept,term,5016,hong_kong,CHEONG WAN HANDICAP,畅运让赛,畅运让赛,original marker is not bracketed
kept,term,5017,hong_kong,CHEUNG SHUN HANDICAP,长顺让赛,长顺让赛,original marker is not bracketed
kept,term,5018,hong_kong,CHONGQING HANDICAP,重庆让赛,重庆让赛,original marker is not bracketed
kept,term,5025,hong_kong,DONGGUAN HANDICAP,东莞让赛,东莞让赛,original marker is not bracketed
kept,term,5028,hong_kong,FAT TSEUNG HANDICAP,发祥让赛,发祥让赛,original marker is not bracketed
kept,term,5029,hong_kong,FENCING 1200M HANDICAP,剑击1200米让赛,剑击1200米让赛,original marker is not bracketed
kept,term,5030,hong_kong,FIFE HANDICAP,快富让赛,快富让赛,original marker is not bracketed
kept,term,5031,hong_kong,FLYING HANDICAP,飞行让赛,飞行让赛,original marker is not bracketed
kept,term,5032,hong_kong,FOSHAN HANDICAP,佛山让赛,佛山让赛,original marker is not bracketed
kept,term,5034,hong_kong,GUANGZHOU HANDICAP,广州让赛,广州让赛,original marker is not bracketed
kept,term,5035,hong_kong,HARBOUR VIEW HANDICAP,港景让赛,港景让赛,original marker is not bracketed
kept,term,5036,hong_kong,HEBE HILL HANDICAP,尖风山让赛,尖风山让赛,original marker is not bracketed
kept,term,5037,hong_kong,HIGH WEST HANDICAP,西高山让赛,西高山让赛,original marker is not bracketed
kept,term,5038,hong_kong,HING YIP HANDICAP,兴业让赛,兴业让赛,original marker is not bracketed
kept,term,5039,hong_kong,HUIZHOU HANDICAP,惠州让赛,惠州让赛,original marker is not bracketed
kept,term,5041,hong_kong,JINAN HANDICAP,济南让赛,济南让赛,original marker is not bracketed
kept,term,5046,hong_kong,LI YUEN HANDICAP,利源让赛,利源让赛,original marker is not bracketed
kept,term,5048,hong_kong,MAN CHEUNG HANDICAP,民祥让赛,民祥让赛,original marker is not bracketed
kept,term,5049,hong_kong,MAN YIU HANDICAP,民耀让赛,民耀让赛,original marker is not bracketed
kept,term,5051,hong_kong,MIDDLE BAY HANDICAP,中湾让赛,中湾让赛,original marker is not bracketed
kept,term,5052,hong_kong,NAM LONG SHAN HANDICAP,南朗山让赛,南朗山让赛,original marker is not bracketed
kept,term,5053,hong_kong,NANNING HANDICAP,南宁让赛,南宁让赛,original marker is not bracketed
kept,term,5054,hong_kong,PAK TAM AU HANDICAP,北潭坳让赛,北潭坳让赛,original marker is not bracketed
kept,term,5056,hong_kong,PEDDER HANDICAP,毕打让赛,毕打让赛,original marker is not bracketed
kept,term,5058,hong_kong,POTTINGER HANDICAP,砵甸乍让赛,砵甸乍让赛,original marker is not bracketed
kept,term,5060,hong_kong,RACING SPIRIT HANDICAP,竞赛精神让赛,竞赛精神让赛,original marker is not bracketed
kept,term,5061,hong_kong,ROWING AND TABLE TENNIS 1400M HANDICAP,赛艇及乒乓球1400米让赛,赛艇及乒乓球1400米让赛,original marker is not bracketed
kept,term,5062,hong_kong,SAILING 1600M HANDICAP,帆船1600米让赛,帆船1600米让赛,original marker is not bracketed
kept,term,5063,hong_kong,SHANGHAI HANDICAP,上海让赛,上海让赛,original marker is not bracketed
kept,term,5064,hong_kong,SHEK UK SHAN HANDICAP,石屋山让赛,石屋山让赛,original marker is not bracketed
kept,term,5065,hong_kong,SHENYANG HANDICAP,沈阳让赛,沈阳让赛,original marker is not bracketed
kept,term,5066,hong_kong,SHENZHEN HANDICAP,深圳让赛,深圳让赛,original marker is not bracketed
kept,term,5068,hong_kong,SONGS OF VICTORY HANDICAP,凯歌让赛,凯歌让赛,original marker is not bracketed
kept,term,5069,hong_kong,SPEEDY HANDICAP,风驰让赛,风驰让赛,original marker is not bracketed
kept,term,5071,hong_kong,SUCCESS HANDICAP,成功让赛,成功让赛,original marker is not bracketed
kept,term,5072,hong_kong,SWIFTY HANDICAP,快捷让赛,快捷让赛,original marker is not bracketed
kept,term,5073,hong_kong,SWIMMING 1200M HANDICAP,游泳1200米让赛,游泳1200米让赛,original marker is not bracketed
kept,term,5074,hong_kong,TAEKWONDO 1400M HANDICAP,跆拳道1400米让赛,跆拳道1400米让赛,original marker is not bracketed
kept,term,5078,hong_kong,THE COMMUNITY GROWTH 1400M HANDICAP,社区发展1400米让赛,社区发展1400米让赛,original marker is not bracketed
kept,term,5079,hong_kong,THE CREATIVE SPIRIT 1600M HANDICAP,创新精神1600米让赛,创新精神1600米让赛,original marker is not bracketed
kept,term,5085,hong_kong,THE INSPIRING COMMUNITY 1200M HANDICAP,社会启迪1200米让赛,社会启迪1200米让赛,original marker is not bracketed
kept,term,5089,hong_kong,THE LOVE RACING 1400M HANDICAP,「爱赛马」1400米让赛,「爱赛马」1400米让赛,original marker is not bracketed
kept,term,5094,hong_kong,THE SHARED PROSPERITY 1200M HANDICAP,共享繁荣1200米让赛,共享繁荣1200米让赛,original marker is not bracketed
kept,term,5095,hong_kong,THE STRIDING ON TOGETHER 1200M HANDICAP,同心同进1200米让赛,同心同进1200米让赛,original marker is not bracketed
kept,term,5097,hong_kong,THE WITH YOU. THEN. NOW. ALWAYS. 1600M HANDICAP,「与你并肩．昨天．今天．每一天」1600米让赛,「与你并肩．昨天．今天．每一天」1600米让赛,original marker is not bracketed
kept,term,5098,hong_kong,THE YOU MAKE GOOD POSSIBLE 1400M HANDICAP,造福社群1400米让赛,造福社群1400米让赛,original marker is not bracketed
kept,term,5099,hong_kong,TIANJIN HANDICAP,天津让赛,天津让赛,original marker is not bracketed
kept,term,5101,hong_kong,TIN HA SHAN HANDICAP,田下山让赛,田下山让赛,original marker is not bracketed
kept,term,5102,hong_kong,TIU YUE YUNG HANDICAP,钓鱼翁让赛,钓鱼翁让赛,original marker is not bracketed
kept,term,5103,hong_kong,TSIM MEI FUNG HANDICAP,尖尾峰让赛,尖尾峰让赛,original marker is not bracketed
kept,term,5104,hong_kong,TUNG LUNG CHAU HANDICAP,东龙洲让赛,东龙洲让赛,original marker is not bracketed
kept,term,5105,hong_kong,WA MEI SHAN HANDICAP,画眉山让赛,画眉山让赛,original marker is not bracketed
kept,term,5107,hong_kong,ZHAOQING HANDICAP,肇庆让赛,肇庆让赛,original marker is not bracketed
kept,term,5108,hong_kong,ZHUHAI HANDICAP,珠海让赛,珠海让赛,original marker is not bracketed
kept,term,5113,hong_kong,BEN NEVIS HANDICAP,本尼维斯山让赛,本尼维斯山让赛,original marker is not bracketed
kept,term,5115,hong_kong,BOC CREDIT CARD HANDICAP,中银信用卡让赛,中银信用卡让赛,original marker is not bracketed
kept,term,5116,hong_kong,BOC LIFE HANDICAP,中银人寿让赛,中银人寿让赛,original marker is not bracketed
kept,term,5117,hong_kong,"BOCHK ""BANKING TRENDYTOO"" HANDICAP",中银香港理财TRENDYTOO让赛,中银香港理财TRENDYTOO让赛,original marker is not bracketed
kept,term,5118,hong_kong,BOCHK ASSET MANAGEMENT HANDICAP,中银香港资产管理让赛,中银香港资产管理让赛,original marker is not bracketed
kept,term,5119,hong_kong,BOCHK BOC PAY HANDICAP,中银香港BOC PAY让赛,中银香港BOC PAY让赛,original marker is not bracketed
kept,term,5120,hong_kong,BOCHK CROSS-BORDER SERVICES HANDICAP,中银香港跨境服务让赛,中银香港跨境服务让赛,original marker is not bracketed
kept,term,5121,hong_kong,BOCHK SME IN ONE HANDICAP,中银香港中小企理财让赛,中银香港中小企理财让赛,original marker is not bracketed
kept,term,5122,hong_kong,BOCHK WEALTH MANAGEMENT HANDICAP,中银香港中银理财让赛,中银香港中银理财让赛,original marker is not bracketed
kept,term,5123,hong_kong,BRIDGE OF WEIR HANDICAP,坝桥让赛,坝桥让赛,original marker is not bracketed
kept,term,5124,hong_kong,CANMAKE TOKYO HANDICAP,CANMAKE TOKYO让赛,CANMAKE TOKYO让赛,original marker is not bracketed
kept,term,5125,hong_kong,CHEK LAP KOK HANDICAP,赤𫚭角让赛,赤𫚭角让赛,original marker is not bracketed
kept,term,5126,hong_kong,CHEVALIER ALUMINIUM ENGINEERING HANDICAP,其士铝工程让赛,其士铝工程让赛,original marker is not bracketed
kept,term,5127,hong_kong,CHEVALIER E&M ENGINEERING HANDICAP,其士机电工程让赛,其士机电工程让赛,original marker is not bracketed
kept,term,5128,hong_kong,CHEVALIER ENTERPRISE DIGITAL SOLUTIONS HANDICAP,其士企业数码方案让赛,其士企业数码方案让赛,original marker is not bracketed
kept,term,5129,hong_kong,CHEVALIER ENVIRONMENTAL ENGINEERING HANDICAP,其士环保工程让赛,其士环保工程让赛,original marker is not bracketed
kept,term,5130,hong_kong,CHEVALIER HEALTHCARE INVESTMENT HANDICAP,其士保健护理投资让赛,其士保健护理投资让赛,original marker is not bracketed
kept,term,5131,hong_kong,CHEVALIER INSURANCE HANDICAP,其士保险让赛,其士保险让赛,original marker is not bracketed
kept,term,5132,hong_kong,CHEVALIER LIFTS & ESCALATORS HANDICAP,其士电梯让赛,其士电梯让赛,original marker is not bracketed
kept,term,5133,hong_kong,CHEVALIER PROPERTY DEVELOPMENT HANDICAP,其士物业发展让赛,其士物业发展让赛,original marker is not bracketed
kept,term,5134,hong_kong,CHEVALIER PROPERTY MANAGEMENT HANDICAP,其士富居物业管理让赛,其士富居物业管理让赛,original marker is not bracketed
kept,term,5136,hong_kong,CRAMOND ISLAND HANDICAP,克拉蒙岛让赛,克拉蒙岛让赛,original marker is not bracketed
kept,term,5138,hong_kong,DR.G HANDICAP,DR.G让赛,DR.G让赛,original marker is not bracketed
kept,term,5139,hong_kong,EDINBURGH HANDICAP,爱丁堡让赛,爱丁堡让赛,original marker is not bracketed
kept,term,5140,hong_kong,ELEANOR HANDICAP,ELEANOR让赛,ELEANOR让赛,original marker is not bracketed
kept,term,5143,hong_kong,GRACE ONE HANDICAP,GRACE ONE让赛,GRACE ONE让赛,original marker is not bracketed
kept,term,5148,hong_kong,HIGH ISLAND HANDICAP,万宜让赛,万宜让赛,original marker is not bracketed
kept,term,5149,hong_kong,HUNG LUEN HANDICAP,红鸾让赛,红鸾让赛,original marker is not bracketed
kept,term,5150,hong_kong,INVERNESS HANDICAP,因弗内斯让赛,因弗内斯让赛,original marker is not bracketed
kept,term,5151,hong_kong,KAI TAK HANDICAP,启德让赛,启德让赛,original marker is not bracketed
kept,term,5152,hong_kong,KATE TOKYO HANDICAP,KATE TOKYO让赛,KATE TOKYO让赛,original marker is not bracketed
kept,term,5153,hong_kong,KWU TUNG HANDICAP,古洞让赛,古洞让赛,original marker is not bracketed
kept,term,5154,hong_kong,L'OREAL PARIS HANDICAP,L'OREAL PARIS让赛,L'OREAL PARIS让赛,original marker is not bracketed
kept,term,5155,hong_kong,LA ESTEPHE HANDICAP,瑞斯美让赛,瑞斯美让赛,original marker is not bracketed
kept,term,5156,hong_kong,LEI YUE MUN HANDICAP,鲤鱼门让赛,鲤鱼门让赛,original marker is not bracketed
kept,term,5159,hong_kong,LOCH LOMOND HANDICAP,洛蒙德湖让赛,洛蒙德湖让赛,original marker is not bracketed
kept,term,5160,hong_kong,LUNG CHEUNG HANDICAP,龙翔让赛,龙翔让赛,original marker is not bracketed
kept,term,5166,hong_kong,NGAU CHI WAN HANDICAP,牛池湾让赛,牛池湾让赛,original marker is not bracketed
kept,term,5170,hong_kong,PANASHOP HANDICAP,PANASHOP乐声牌专门店让赛,PANASHOP乐声牌专门店让赛,original marker is not bracketed
kept,term,5171,hong_kong,PANASONIC 2-IN-1 WASHER DRYER HANDICAP,PANASONIC 2合1洗衣干衣机让赛,PANASONIC 2合1洗衣干衣机让赛,original marker is not bracketed
kept,term,5172,hong_kong,PANASONIC IH WARM JAR HANDICAP,PANASONIC IH饭煲让赛,PANASONIC IH饭煲让赛,original marker is not bracketed
kept,term,5173,hong_kong,PANASONIC JAPAN MADE SYSTEM KITCHEN HANDICAP,PANASONIC日本厨柜让赛,PANASONIC日本厨柜让赛,original marker is not bracketed
kept,term,5174,hong_kong,PANASONIC MINI LED TV HANDICAP,PANASONIC MINI LED电视让赛,PANASONIC MINI LED电视让赛,original marker is not bracketed
kept,term,5175,hong_kong,PANASONIC SMALLER MULTI-SPLIT AIR CONDITIONER HANDICAP,PANASONIC纤型1拖2分体机让赛,PANASONIC纤型1拖2分体机让赛,original marker is not bracketed
kept,term,5176,hong_kong,PANASONIC SMART LOCK HANDICAP,PANASONIC智能锁让赛,PANASONIC智能锁让赛,original marker is not bracketed
kept,term,5177,hong_kong,PANASONIC THERMO VENTILATOR HANDICAP,PANASONIC浴室宝让赛,PANASONIC浴室宝让赛,original marker is not bracketed
kept,term,5178,hong_kong,PANASONIC ZIAINO AIR TREATMENT HANDICAP,PANASONIC ZIAINO空间净化机让赛,PANASONIC ZIAINO空间净化机让赛,original marker is not bracketed
kept,term,5180,hong_kong,PLOVER COVE HANDICAP,船湾让赛,船湾让赛,original marker is not bracketed
kept,term,5183,hong_kong,RAEBURN PLACE HANDICAP,雷伯恩广场让赛,雷伯恩广场让赛,original marker is not bracketed
kept,term,5185,hong_kong,SAN TIN HANDICAP,新田让赛,新田让赛,original marker is not bracketed
kept,term,5186,hong_kong,SANTA MONICA HANDICAP,SANTA MONICA让赛,SANTA MONICA让赛,original marker is not bracketed
kept,term,5187,hong_kong,SHEK LEI PUI HANDICAP,石梨贝让赛,石梨贝让赛,original marker is not bracketed
kept,term,5188,hong_kong,SHEK PIK HANDICAP,石壁让赛,石壁让赛,original marker is not bracketed
kept,term,5192,hong_kong,SUISSE PROGRAMME HANDICAP,SUISSE PROGRAMME让赛,SUISSE PROGRAMME让赛,original marker is not bracketed
kept,term,5193,hong_kong,TAI LAM CHUNG HANDICAP,大榄涌让赛,大榄涌让赛,original marker is not bracketed
kept,term,5194,hong_kong,TAI TAM HANDICAP,大潭让赛,大潭让赛,original marker is not bracketed
kept,term,5209,hong_kong,AMARYLLIS HANDICAP,喇叭花让赛,喇叭花让赛,original marker is not bracketed
kept,term,5211,hong_kong,ASHLEY HANDICAP,亚士厘让赛,亚士厘让赛,original marker is not bracketed
kept,term,5212,hong_kong,AUSTRALIA HANDICAP,澳洲让赛,澳洲让赛,original marker is not bracketed
kept,term,5213,hong_kong,BANYAN HANDICAP,翠榕让赛,翠榕让赛,original marker is not bracketed
kept,term,5214,hong_kong,BEAUTY GENERATION HANDICAP,美丽传承让赛,美丽传承让赛,original marker is not bracketed
kept,term,5217,hong_kong,BUFFALO HILL HANDICAP,水牛山让赛,水牛山让赛,original marker is not bracketed
kept,term,5223,hong_kong,CAMERON HANDICAP,金马伦让赛,金马伦让赛,original marker is not bracketed
kept,term,5224,hong_kong,CARNARVON HANDICAP,加拿分让赛,加拿分让赛,original marker is not bracketed
kept,term,5229,hong_kong,D'AGUILAR PEAK HANDICAP,鹤咀山让赛,鹤咀山让赛,original marker is not bracketed
kept,term,5232,hong_kong,EAGLE'S NEST HANDICAP,尖山让赛,尖山让赛,original marker is not bracketed
kept,term,5233,hong_kong,ERICA HANDICAP,欧石楠让赛,欧石楠让赛,original marker is not bracketed
kept,term,5235,hong_kong,FRANCE HANDICAP,法国让赛,法国让赛,original marker is not bracketed
kept,term,5237,hong_kong,GREAT BRITAIN HANDICAP,英国让赛,英国让赛,original marker is not bracketed
kept,term,5240,hong_kong,HANKOW HANDICAP,汉口让赛,汉口让赛,original marker is not bracketed
kept,term,5241,hong_kong,HIBISCUS HANDICAP,芙蓉让赛,芙蓉让赛,original marker is not bracketed
kept,term,5242,hong_kong,HIGHLAND REEL HANDICAP,高地之舞让赛,高地之舞让赛,original marker is not bracketed
kept,term,5243,hong_kong,HO CHUNG HANDICAP,蚝涌让赛,蚝涌让赛,original marker is not bracketed
kept,term,5244,hong_kong,HOLLY HANDICAP,冬青让赛,冬青让赛,original marker is not bracketed
kept,term,5245,hong_kong,HUMPHREYS HANDICAP,堪富利士让赛,堪富利士让赛,original marker is not bracketed
kept,term,5246,hong_kong,IRELAND HANDICAP,爱尔兰让赛,爱尔兰让赛,original marker is not bracketed
kept,term,5248,hong_kong,IVY HANDICAP,长春藤让赛,长春藤让赛,original marker is not bracketed
kept,term,5251,hong_kong,JAPAN HANDICAP,日本让赛,日本让赛,original marker is not bracketed
kept,term,5252,hong_kong,JIM AND TONIC HANDICAP,鸡尾酒让赛,鸡尾酒让赛,original marker is not bracketed
kept,term,5255,hong_kong,JUPITER HANDICAP,木星让赛,木星让赛,original marker is not bracketed
kept,term,5263,hong_kong,LORD KANALOA HANDICAP,龙王让赛,龙王让赛,original marker is not bracketed
kept,term,5266,hong_kong,LUK KENG HANDICAP,鹿颈让赛,鹿颈让赛,original marker is not bracketed
kept,term,5267,hong_kong,LUKFOOK JEWELLERY BELOVED COLLECTION HANDICAP,六福珠宝囍爱系列让赛,六福珠宝囍爱系列让赛,original marker is not bracketed
kept,term,5268,hong_kong,LUKFOOK JEWELLERY DEAR Q HANDICAP,六福珠宝DEAR Q让赛,六福珠宝DEAR Q让赛,original marker is not bracketed
kept,term,5269,hong_kong,LUKFOOK JEWELLERY DIAPURE HANDICAP,六福珠宝DIAPURE让赛,六福珠宝DIAPURE让赛,original marker is not bracketed
kept,term,5270,hong_kong,LUKFOOK JEWELLERY GOLDSTYLE HANDICAP,六福珠宝GOLDSTYLE让赛,六福珠宝GOLDSTYLE让赛,original marker is not bracketed
kept,term,5271,hong_kong,LUKFOOK JEWELLERY HEIRLOOM FORTUNE COLLECTION HANDICAP,六福珠宝福满传家系列让赛,六福珠宝福满传家系列让赛,original marker is not bracketed
kept,term,5272,hong_kong,LUKFOOK JEWELLERY HEXICON HANDICAP,六福珠宝HEXICON让赛,六福珠宝HEXICON让赛,original marker is not bracketed
kept,term,5273,hong_kong,LUKFOOK JEWELLERY LOVE IS BEAUTY COLLECTION HANDICAP,六福珠宝爱很美系列让赛,六福珠宝爱很美系列让赛,original marker is not bracketed
kept,term,5274,hong_kong,LUKFOOK JEWELLERY WEDDING COLLECTION HANDICAP,六福珠宝婚嫁系列让赛,六福珠宝婚嫁系列让赛,original marker is not bracketed
kept,term,5275,hong_kong,LUKFOOK JOAILLERIE HANDICAP,六福精品廊让赛,六福精品廊让赛,original marker is not bracketed
kept,term,5276,hong_kong,LUNG FU SHAN HANDICAP,龙虎山让赛,龙虎山让赛,original marker is not bracketed
kept,term,5282,hong_kong,MARS HANDICAP,火星让赛,火星让赛,original marker is not bracketed
kept,term,5283,hong_kong,MAURICE HANDICAP,满乐时让赛,满乐时让赛,original marker is not bracketed
kept,term,5284,hong_kong,MERCURY HANDICAP,水星让赛,水星让赛,original marker is not bracketed
kept,term,5285,hong_kong,MIDDLE HANDICAP,中间让赛,中间让赛,original marker is not bracketed
kept,term,5288,hong_kong,MODY HANDICAP,么地让赛,么地让赛,original marker is not bracketed
kept,term,5289,hong_kong,NATHAN HANDICAP,弥敦让赛,弥敦让赛,original marker is not bracketed
kept,term,5291,hong_kong,NEPTUNE HANDICAP,海王星让赛,海王星让赛,original marker is not bracketed
kept,term,5292,hong_kong,NGAN SHING HANDICAP,银城让赛,银城让赛,original marker is not bracketed
kept,term,5297,hong_kong,POINSETTIA HANDICAP,圣诞花让赛,圣诞花让赛,original marker is not bracketed
kept,term,5304,hong_kong,SALISBURY HANDICAP,梳士巴利让赛,梳士巴利让赛,original marker is not bracketed
kept,term,5305,hong_kong,SAND MARTIN HANDICAP,沙燕让赛,沙燕让赛,original marker is not bracketed
kept,term,5307,hong_kong,SATURN HANDICAP,土星让赛,土星让赛,original marker is not bracketed
kept,term,5308,hong_kong,SHA LEK HANDICAP,沙沥让赛,沙沥让赛,original marker is not bracketed
kept,term,5309,hong_kong,SHA TIN WAI HANDICAP,沙田围让赛,沙田围让赛,original marker is not bracketed
kept,term,5310,hong_kong,SILENT WITNESS HANDICAP,精英大师让赛,精英大师让赛,original marker is not bracketed
kept,term,5311,hong_kong,SIU LEK YUEN HANDICAP,小沥源让赛,小沥源让赛,original marker is not bracketed
kept,term,5317,hong_kong,SPRUCE HANDICAP,云杉让赛,云杉让赛,original marker is not bracketed
kept,term,5333,hong_kong,TULIP HANDICAP,郁金香让赛,郁金香让赛,original marker is not bracketed
kept,term,5334,hong_kong,TURTLE COVE HANDICAP,龟背湾让赛,龟背湾让赛,original marker is not bracketed
kept,term,5335,hong_kong,URANUS HANDICAP,天王星让赛,天王星让赛,original marker is not bracketed
kept,term,5336,hong_kong,VENUS HANDICAP,金星让赛,金星让赛,original marker is not bracketed
kept,term,5340,hong_kong,YUEN CHAU KOK HANDICAP,圆洲角让赛,圆洲角让赛,original marker is not bracketed
kept,term,5341,hong_kong,ABLE FRIEND HANDICAP,步步友让赛,步步友让赛,original marker is not bracketed
kept,term,5342,hong_kong,AEROVELOCITY HANDICAP,友莹格让赛,友莹格让赛,original marker is not bracketed
kept,term,5346,hong_kong,BEAT THE CLOCK HANDICAP,争分夺秒让赛,争分夺秒让赛,original marker is not bracketed
kept,term,5348,hong_kong,BOCCIA 1650M HANDICAP,硬地滚球1650米让赛,硬地滚球1650米让赛,original marker is not bracketed
kept,term,5349,hong_kong,BROADWOOD HANDICAP,乐活让赛,乐活让赛,original marker is not bracketed
kept,term,5354,hong_kong,CHA KWO LING HANDICAP,茶果岭让赛,茶果岭让赛,original marker is not bracketed
kept,term,5355,hong_kong,CHEK KENG HANDICAP,赤径让赛,赤径让赛,original marker is not bracketed
kept,term,5356,hong_kong,CHUK YUEN HANDICAP,竹园让赛,竹园让赛,original marker is not bracketed
kept,term,5361,hong_kong,HEBE HAVEN HANDICAP,白沙湾让赛,白沙湾让赛,original marker is not bracketed
kept,term,5362,hong_kong,HELENE PARAGON HANDICAP,喜莲奖星让赛,喜莲奖星让赛,original marker is not bracketed
kept,term,5363,hong_kong,HUNG HOM BAY HANDICAP,红磡湾让赛,红磡湾让赛,original marker is not bracketed
kept,term,5364,hong_kong,HUNG MUI KUK HANDICAP,红梅谷让赛,红梅谷让赛,original marker is not bracketed
kept,term,5366,hong_kong,I'MPOSSIBLE 2000M HANDICAP,没有不可能2000米让赛,没有不可能2000米让赛,original marker is not bracketed
kept,term,5370,hong_kong,LAI CHI CHONG HANDICAP,荔枝庄让赛,荔枝庄让赛,original marker is not bracketed
kept,term,5371,hong_kong,LAMBETH HANDICAP,琳宝让赛,琳宝让赛,original marker is not bracketed
kept,term,5377,hong_kong,MR VITALITY HANDICAP,活力先生让赛,活力先生让赛,original marker is not bracketed
kept,term,5381,hong_kong,PAK SHEK AU HANDICAP,白石凹让赛,白石凹让赛,original marker is not bracketed
kept,term,5382,hong_kong,PAK TAM CHUNG HANDICAP,北潭涌让赛,北潭涌让赛,original marker is not bracketed
kept,term,5383,hong_kong,PAK TIN HANDICAP,白田让赛,白田让赛,original marker is not bracketed
kept,term,5384,hong_kong,PARA ARCHERY 1200M HANDICAP,残疾人射箭1200米让赛,残疾人射箭1200米让赛,original marker is not bracketed
kept,term,5385,hong_kong,PARA ATHLETICS 1000M HANDICAP,残疾人田径1000米让赛,残疾人田径1000米让赛,original marker is not bracketed
kept,term,5386,hong_kong,PARA BADMINTON 1400M HANDICAP,残疾人羽毛球1400米让赛,残疾人羽毛球1400米让赛,original marker is not bracketed
kept,term,5387,hong_kong,PARA EQUESTRIAN 1200M HANDICAP,残疾人马术1200米让赛,残疾人马术1200米让赛,original marker is not bracketed
kept,term,5388,hong_kong,PARA SWIMMING 1650M HANDICAP,残疾人游泳1650米让赛,残疾人游泳1650米让赛,original marker is not bracketed
kept,term,5389,hong_kong,PARA TABLE TENNIS 1400M HANDICAP,残疾人乒乓球1400米让赛,残疾人乒乓球1400米让赛,original marker is not bracketed
kept,term,5390,hong_kong,PARALYMPIC VALUE 1650M HANDICAP,残奥价值观1650米让赛,残奥价值观1650米让赛,original marker is not bracketed
kept,term,5391,hong_kong,PENIAPHOBIA HANDICAP,幸福指数让赛,幸福指数让赛,original marker is not bracketed
kept,term,5395,hong_kong,SEASONS BLOOM HANDICAP,四季旺让赛,四季旺让赛,original marker is not bracketed
kept,term,5396,hong_kong,SOUND PRINT HANDICAP,生图让赛,生图让赛,original marker is not bracketed
kept,term,5399,hong_kong,TAI LAM HANDICAP,大榄让赛,大榄让赛,original marker is not bracketed
kept,term,5400,hong_kong,TAI MONG TSAI HANDICAP,大网仔让赛,大网仔让赛,original marker is not bracketed
kept,term,5401,hong_kong,TAI TONG SHAN HANDICAP,大棠山让赛,大棠山让赛,original marker is not bracketed
kept,term,5406,hong_kong,TSAM CHUK WAN HANDICAP,斩竹湾让赛,斩竹湾让赛,original marker is not bracketed
kept,term,5407,hong_kong,TSUNG PAK LONG HANDICAP,松柏塱让赛,松柏塱让赛,original marker is not bracketed
kept,term,5410,hong_kong,WAIKUKU HANDICAP,夏威夷让赛,夏威夷让赛,original marker is not bracketed
kept,term,5411,hong_kong,WHEELCHAIR FENCING 1000M HANDICAP,轮椅剑撃1000米让赛,轮椅剑撃1000米让赛,original marker is not bracketed
kept,term,5412,hong_kong,WU KAI SHA HANDICAP,乌溪沙让赛,乌溪沙让赛,original marker is not bracketed
kept,term,5413,hong_kong,WU KAU TANG HANDICAP,乌蛟腾让赛,乌蛟腾让赛,original marker is not bracketed
kept,term,5414,hong_kong,BLUE POOL HANDICAP,蓝塘让赛,蓝塘让赛,original marker is not bracketed
kept,term,5417,hong_kong,CITI WEALTH HANDICAP,花旗银行CITI WEALTH让赛,花旗银行CITI WEALTH让赛,original marker is not bracketed
kept,term,5420,hong_kong,DAISY HANDICAP,雏菊让赛,雏菊让赛,original marker is not bracketed
kept,term,5425,hong_kong,JASMINE HANDICAP,苿莉让赛,苿莉让赛,original marker is not bracketed
kept,term,5426,hong_kong,KAM SHAN HANDICAP,金山让赛,金山让赛,original marker is not bracketed
kept,term,5431,hong_kong,LOTUS HANDICAP,莲花让赛,莲花让赛,original marker is not bracketed
kept,term,5435,hong_kong,MARIGOLD HANDICAP,金盏花让赛,金盏花让赛,original marker is not bracketed
kept,term,5437,hong_kong,OSMANTHUS HANDICAP,丹桂让赛,丹桂让赛,original marker is not bracketed
kept,term,5438,hong_kong,PO SHEK WU HANDICAP,宝石湖让赛,宝石湖让赛,original marker is not bracketed
kept,term,5440,hong_kong,ROSE HANDICAP,玫瑰让赛,玫瑰让赛,original marker is not bracketed
kept,term,5442,hong_kong,SHUI WO HANDICAP,瑞和让赛,瑞和让赛,original marker is not bracketed
kept,term,5443,hong_kong,SILVERMINE BAY HANDICAP,银鑛湾让赛,银鑛湾让赛,original marker is not bracketed
kept,term,5446,hong_kong,TIN CHAK HANDICAP,天泽让赛,天泽让赛,original marker is not bracketed
kept,term,5447,hong_kong,TSUI MAN HANDICAP,聚文让赛,聚文让赛,original marker is not bracketed
kept,term,5448,hong_kong,TVB HEROES IN WHITE HANDICAP,TVB侠医让赛,TVB侠医让赛,original marker is not bracketed
kept,term,5449,hong_kong,TVB LOK SIN TONG CHARITY CORNER HANDICAP,TVB精彩人生乐善心让赛,TVB精彩人生乐善心让赛,original marker is not bracketed
kept,term,5450,hong_kong,"TVB MIDLIFE, SING & SHINE 3 HANDICAP",TVB中年好声音3让赛,TVB中年好声音3让赛,original marker is not bracketed
kept,term,5451,hong_kong,TVB THE FADING GOLD HANDICAP,TVB金式森林让赛,TVB金式森林让赛,original marker is not bracketed
kept,term,5452,hong_kong,ANGELONIA HANDICAP,天使花让赛,天使花让赛,original marker is not bracketed
kept,term,5454,hong_kong,CARPENTER HANDICAP,贾炳达让赛,贾炳达让赛,original marker is not bracketed
kept,term,5456,hong_kong,CHINESE HIBISCUS HANDICAP,大红花让赛,大红花让赛,original marker is not bracketed
kept,term,5457,hong_kong,COSMOS HANDICAP,秋英让赛,秋英让赛,original marker is not bracketed
kept,term,5458,hong_kong,DAHLIA HANDICAP,大丽花让赛,大丽花让赛,original marker is not bracketed
kept,term,5461,hong_kong,HYDRANGEA HANDICAP,绣球花让赛,绣球花让赛,original marker is not bracketed
kept,term,5462,hong_kong,INTERCONTINENTAL LIMOUSINE HANDICAP,环球轿车让赛,环球轿车让赛,original marker is not bracketed
kept,term,5464,hong_kong,KWOON CHUNG MACAU LIMOUSINE RENTAL SERVICES HANDICAP,冠忠澳门豪华客车租赁服务让赛,冠忠澳门豪华客车租赁服务让赛,original marker is not bracketed
kept,term,5467,hong_kong,SA PO HANDICAP,沙浦让赛,沙浦让赛,original marker is not bracketed
kept,term,5468,hong_kong,SAM SHING HANDICAP,三圣让赛,三圣让赛,original marker is not bracketed
kept,term,5470,hong_kong,SICHUAN BIPENGGOU TOURIST ATTRACTIONS HANDICAP,四川毕棚沟景区让赛,四川毕棚沟景区让赛,original marker is not bracketed
kept,term,5471,hong_kong,SNAPDRAGON HANDICAP,洋彩雀让赛,洋彩雀让赛,original marker is not bracketed
kept,term,5473,hong_kong,SPORTS HANDICAP,体育让赛,体育让赛,original marker is not bracketed
kept,term,5479,hong_kong,WAGLAN ISLAND HANDICAP,横澜岛让赛,横澜岛让赛,original marker is not bracketed
kept,term,5488,hong_kong,CHUKYO HANDICAP,中京让赛,中京让赛,original marker is not bracketed
kept,term,5489,hong_kong,CLAP@JC 1200M HANDICAP,赛马会鼓掌．创你程计划1200米让赛,赛马会鼓掌．创你程计划1200米让赛,original marker is not bracketed
kept,term,5497,hong_kong,HANSHIN HANDICAP,阪神让赛,阪神让赛,original marker is not bracketed
kept,term,5498,hong_kong,HEALTHY COMMUNITY 1400M HANDICAP,健康社区1400米让赛,健康社区1400米让赛,original marker is not bracketed
kept,term,5499,hong_kong,HO CHUNG RIVER HANDICAP,蚝涌河让赛,蚝涌河让赛,original marker is not bracketed
kept,term,5501,hong_kong,JC CAMPSITE REIMAGINATION PROJECT 1200M HANDICAP,赛马会营地优化计划1200米让赛,赛马会营地优化计划1200米让赛,original marker is not bracketed
kept,term,5502,hong_kong,JC ECHOES OF LOVE FUND 1000M HANDICAP,赛马会「挚伴行」基金1000米让赛,赛马会「挚伴行」基金1000米让赛,original marker is not bracketed
kept,term,5504,hong_kong,KING'S PARK HANDICAP,京士柏让赛,京士柏让赛,original marker is not bracketed
kept,term,5505,hong_kong,KOWLOON BAY HANDICAP,九龙湾让赛,九龙湾让赛,original marker is not bracketed
kept,term,5506,hong_kong,KOWLOON TSAI HANDICAP,九龙仔让赛,九龙仔让赛,original marker is not bracketed
kept,term,5507,hong_kong,KYOTO HANDICAP,京都让赛,京都让赛,original marker is not bracketed
kept,term,5508,hong_kong,LUK WU HANDICAP,鹿湖让赛,鹿湖让赛,original marker is not bracketed
kept,term,5512,hong_kong,MORNINGSIDE ALUMNI HANDICAP,晨兴校友让赛,晨兴校友让赛,original marker is not bracketed
kept,term,5514,hong_kong,NAKAYAMA HANDICAP,中山让赛,中山让赛,original marker is not bracketed
kept,term,5515,hong_kong,NGAU TAU KOK HANDICAP,牛头角让赛,牛头角让赛,original marker is not bracketed
kept,term,5516,hong_kong,NIIGATA HANDICAP,新潟让赛,新潟让赛,original marker is not bracketed
kept,term,5517,hong_kong,NURTURING TALENT 1000M HANDICAP,人才发展1000米让赛,人才发展1000米让赛,original marker is not bracketed
kept,term,5518,hong_kong,OI MAN HANDICAP,爱民让赛,爱民让赛,original marker is not bracketed
kept,term,5519,hong_kong,ORCHID HANDICAP,兰花让赛,兰花让赛,original marker is not bracketed
kept,term,5520,hong_kong,POSITIVE AGEING 1400M HANDICAP,丰盛耆年1400米让赛,丰盛耆年1400米让赛,original marker is not bracketed
kept,term,5523,hong_kong,ROSELLE HANDICAP,洛神花让赛,洛神花让赛,original marker is not bracketed
kept,term,5525,hong_kong,S.H. HO AND CW CHU ALUMNI HANDICAP,善衡与敬文校友让赛,善衡与敬文校友让赛,original marker is not bracketed
kept,term,5535,hong_kong,THRIVING YOUTH 1400M HANDICAP,飞跃青年1400米让赛,飞跃青年1400米让赛,original marker is not bracketed
kept,term,5536,hong_kong,TOKYO HANDICAP,东京让赛,东京让赛,original marker is not bracketed
kept,term,5537,hong_kong,TSING LUNG TAU HANDICAP,青龙头让赛,青龙头让赛,original marker is not bracketed
kept,term,5538,hong_kong,WU YEE SUN AND LEE WOO SING ALUMNI HANDICAP,伍宜孙与和声校友让赛,伍宜孙与和声校友让赛,original marker is not bracketed
kept,term,5539,hong_kong,WYLIE HANDICAP,卫理让赛,卫理让赛,original marker is not bracketed
kept,term,5540,hong_kong,BEAS RIVER COUNTRY CLUB 1200M HANDICAP,双鱼河乡村会所1200米让赛,双鱼河乡村会所1200米让赛,original marker is not bracketed
kept,term,5544,hong_kong,CELEBRATING TIMELESS TRADITION 1400M HANDICAP,优越传承1400米让赛,优越传承1400米让赛,original marker is not bracketed
kept,term,5545,hong_kong,CHATHAM HANDICAP,漆咸让赛,漆咸让赛,original marker is not bracketed
kept,term,5546,hong_kong,CHOI HUNG HANDICAP,彩虹让赛,彩虹让赛,original marker is not bracketed
kept,term,5547,hong_kong,CHOI WAN HANDICAP,彩云让赛,彩云让赛,original marker is not bracketed
kept,term,5548,hong_kong,COX'S HANDICAP,觉士让赛,觉士让赛,original marker is not bracketed
kept,term,5551,hong_kong,GASCOIGNE HANDICAP,加士居让赛,加士居让赛,original marker is not bracketed
kept,term,5552,hong_kong,HILLWOOD HANDICAP,山林让赛,山林让赛,original marker is not bracketed
kept,term,5553,hong_kong,HOI LAI HANDICAP,海丽让赛,海丽让赛,original marker is not bracketed
kept,term,5555,hong_kong,LEI YUE MUN PARK HANDICAP,鲤鱼门公园让赛,鲤鱼门公园让赛,original marker is not bracketed
kept,term,5556,hong_kong,MEMBERS' CARE@HKJC 1800M HANDICAP,会员义工队1800米让赛,会员义工队1800米让赛,original marker is not bracketed
kept,term,5557,hong_kong,NAM SHAN HANDICAP,南山让赛,南山让赛,original marker is not bracketed
kept,term,5558,hong_kong,PAI TAU HANDICAP,排头让赛,排头让赛,original marker is not bracketed
kept,term,5559,hong_kong,RACING HERITAGE 1200M HANDICAP,赛马传统1200米让赛,赛马传统1200米让赛,original marker is not bracketed
kept,term,5560,hong_kong,RUSSIAN EMPEROR HANDICAP,将王让赛,将王让赛,original marker is not bracketed
kept,term,5561,hong_kong,SHENZHEN CENTRE 1600M HANDICAP,骏心台1600米让赛,骏心台1600米让赛,original marker is not bracketed
kept,term,5566,hong_kong,TAI WAI HANDICAP,大围让赛,大围让赛,original marker is not bracketed
kept,term,5568,hong_kong,THE HILLTOP IN THE VALLEY 1200M HANDICAP,THE HILLTOP IN THE VALLEY 1200米让赛,THE HILLTOP IN THE VALLEY 1200米让赛,original marker is not bracketed
kept,term,5571,hong_kong,TIN SAM HANDICAP,田心让赛,田心让赛,original marker is not bracketed
kept,term,5572,hong_kong,TIN SAU HANDICAP,天秀让赛,天秀让赛,original marker is not bracketed
kept,term,5575,hong_kong,WU KING HANDICAP,湖景让赛,湖景让赛,original marker is not bracketed
kept,term,5576,hong_kong,YUE WAN HANDICAP,渔湾让赛,渔湾让赛,original marker is not bracketed
kept,term,5579,hong_kong,CHAK ON HANDICAP,泽安让赛,泽安让赛,original marker is not bracketed
kept,term,5580,hong_kong,CHEUNG SHA HANDICAP,长沙让赛,长沙让赛,original marker is not bracketed
kept,term,5581,hong_kong,CHEUNG SHEUNG HANDICAP,嶂上让赛,嶂上让赛,original marker is not bracketed
kept,term,5585,hong_kong,HKU BUSINESS SCHOOL AND FACULTY OF ENGINEERING HANDICAP,香港大学经管学院与工程学院让赛,香港大学经管学院与工程学院让赛,original marker is not bracketed
kept,term,5586,hong_kong,HKU FACULTIES OF ARCHITECTURE AND SCIENCE HANDICAP,香港大学建筑学院与理学院让赛,香港大学建筑学院与理学院让赛,original marker is not bracketed
kept,term,5588,hong_kong,HKU FACULTIES OF DENTISTRY AND SOCIAL SCIENCES HANDICAP,香港大学牙医学院与社会科学学院让赛,香港大学牙医学院与社会科学学院让赛,original marker is not bracketed
kept,term,5589,hong_kong,HKU FACULTIES OF LAW AND MEDICINE HANDICAP,香港大学法律学院与医学院让赛,香港大学法律学院与医学院让赛,original marker is not bracketed
kept,term,5590,hong_kong,HKU FOUNDATION HANDICAP,香港大学基金让赛,香港大学基金让赛,original marker is not bracketed
kept,term,5591,hong_kong,HKU HERITAGE HANDICAP,香港大学历史传承让赛,香港大学历史传承让赛,original marker is not bracketed
kept,term,5592,hong_kong,HKU JOCKEY CLUB STUDENT VILLAGES HANDICAP,香港大学赛马会学生村让赛,香港大学赛马会学生村让赛,original marker is not bracketed
kept,term,5593,hong_kong,KAM TIN RIVER HANDICAP,锦田河让赛,锦田河让赛,original marker is not bracketed
kept,term,5594,hong_kong,KWONG TIN HANDICAP,广田让赛,广田让赛,original marker is not bracketed
kept,term,5595,hong_kong,LAI ON HANDICAP,丽安让赛,丽安让赛,original marker is not bracketed
kept,term,5596,hong_kong,LAM TIN HANDICAP,蓝田让赛,蓝田让赛,original marker is not bracketed
kept,term,5597,hong_kong,LAM TSUEN RIVER HANDICAP,林村河让赛,林村河让赛,original marker is not bracketed
kept,term,5601,hong_kong,MEI TIN HANDICAP,美田让赛,美田让赛,original marker is not bracketed
kept,term,5604,hong_kong,ON YAM HANDICAP,安荫让赛,安荫让赛,original marker is not bracketed
kept,term,5607,hong_kong,PING TIN HANDICAP,平田让赛,平田让赛,original marker is not bracketed
kept,term,5609,hong_kong,SHAN PUI RIVER HANDICAP,山贝河让赛,山贝河让赛,original marker is not bracketed
kept,term,5610,hong_kong,SHEUNG WAN HANDICAP,上环让赛,上环让赛,original marker is not bracketed
kept,term,5611,hong_kong,TAI HANG TUNG HANDICAP,大坑东让赛,大坑东让赛,original marker is not bracketed
kept,term,5612,hong_kong,TAI KOK TSUI HANDICAP,大角咀让赛,大角咀让赛,original marker is not bracketed
kept,term,5613,hong_kong,TAI WO PING HANDICAP,大窝坪让赛,大窝坪让赛,original marker is not bracketed
kept,term,5614,hong_kong,THE HONG KONG JOCKEY CLUB SCHOLARSHIPS HANDICAP,香港赛马会奖学金让赛,香港赛马会奖学金让赛,original marker is not bracketed
kept,term,5616,hong_kong,TIN WAN HANDICAP,田湾让赛,田湾让赛,original marker is not bracketed
kept,term,5617,hong_kong,UNIVERSITY HALL HANDICAP,大学堂宿舍让赛,大学堂宿舍让赛,original marker is not bracketed
kept,term,5622,hong_kong,BEGONIA HANDICAP,海棠让赛,海棠让赛,original marker is not bracketed
kept,term,5624,hong_kong,FA PO HANDICAP,花圃让赛,花圃让赛,original marker is not bracketed
kept,term,5625,hong_kong,GARDEN HANDICAP,花园让赛,花园让赛,original marker is not bracketed
kept,term,5626,hong_kong,GREEN HANDICAP,箕琏让赛,箕琏让赛,original marker is not bracketed
kept,term,5630,hong_kong,MAGNOLIA HANDICAP,玉兰让赛,玉兰让赛,original marker is not bracketed
kept,term,5633,hong_kong,RACING GOES ON 1800M HANDICAP,马照跑1800米让赛,马照跑1800米让赛,original marker is not bracketed
kept,term,5634,hong_kong,RIDING HIGH TOGETHER 1600M HANDICAP,同心同步同进1600米让赛,同心同步同进1600米让赛,original marker is not bracketed
kept,term,5638,hong_kong,THE CHAIRMEN'S DAY HANDICAP,主席赛马日让赛,主席赛马日让赛,original marker is not bracketed
kept,term,5640,hong_kong,WORLD-CLASS LEADERSHIP 1000M HANDICAP,卓越领导1000米让赛,卓越领导1000米让赛,original marker is not bracketed
kept,term,5642,hong_kong,ADMIRALTY HANDICAP,金钟让赛,金钟让赛,original marker is not bracketed
kept,term,5645,hong_kong,CUCKOO HANDICAP,杜鹃让赛,杜鹃让赛,original marker is not bracketed
kept,term,5648,hong_kong,GRASSY HILL HANDICAP,草山让赛,草山让赛,original marker is not bracketed
kept,term,5649,hong_kong,KOWLOON TONG HANDICAP,九龙塘让赛,九龙塘让赛,original marker is not bracketed
kept,term,5650,hong_kong,MOUNT PARKER HANDICAP,柏架山让赛,柏架山让赛,original marker is not bracketed
kept,term,5653,hong_kong,PAT SIN LENG HANDICAP,八仙岭让赛,八仙岭让赛,original marker is not bracketed
kept,term,5654,hong_kong,REPULSE BAY HANDICAP,浅水湾让赛,浅水湾让赛,original marker is not bracketed
kept,term,5656,hong_kong,TROPICBIRD HANDICAP,热带鸟让赛,热带鸟让赛,original marker is not bracketed
kept,term,5657,hong_kong,YI O HANDICAP,二澳让赛,二澳让赛,original marker is not bracketed
kept,term,5660,hong_kong,CHAI WAN KOK HANDICAP,柴湾角让赛,柴湾角让赛,original marker is not bracketed
kept,term,5661,hong_kong,FUNG MO HANDICAP,凤舞让赛,凤舞让赛,original marker is not bracketed
kept,term,5667,hong_kong,KWOK SHUI HANDICAP,国瑞让赛,国瑞让赛,original marker is not bracketed
kept,term,5668,hong_kong,LEK YUEN HANDICAP,沥源让赛,沥源让赛,original marker is not bracketed
kept,term,5669,hong_kong,LO WAI HANDICAP,老围让赛,老围让赛,original marker is not bracketed
kept,term,5670,hong_kong,LUNG HANG HANDICAP,隆亨让赛,隆亨让赛,original marker is not bracketed
kept,term,5675,hong_kong,PANASONIC AIR-CONDITIONER HANDICAP,PANASONIC空调机让赛,PANASONIC空调机让赛,original marker is not bracketed
kept,term,5676,hong_kong,PANASONIC RICE COOKER HANDICAP,PANASONIC电饭煲让赛,PANASONIC电饭煲让赛,original marker is not bracketed
kept,term,5677,hong_kong,PANASONIC TV HANDICAP,PANASONIC电视机让赛,PANASONIC电视机让赛,original marker is not bracketed
kept,term,5678,hong_kong,PANASONIC VITALIFT HANDICAP,PANASONIC美容仪让赛,PANASONIC美容仪让赛,original marker is not bracketed
kept,term,5679,hong_kong,PANASONIC WASHER DRYER HANDICAP,PANASONIC洗衣干衣机让赛,PANASONIC洗衣干衣机让赛,original marker is not bracketed
kept,term,5681,hong_kong,PYRAMID HILL HANDICAP,大金钟让赛,大金钟让赛,original marker is not bracketed
kept,term,5684,hong_kong,SHA KOK HANDICAP,沙角让赛,沙角让赛,original marker is not bracketed
kept,term,5685,hong_kong,SHEK MUN HANDICAP,硕门让赛,硕门让赛,original marker is not bracketed
kept,term,5686,hong_kong,SHEK WAI KOK HANDICAP,石围角让赛,石围角让赛,original marker is not bracketed
kept,term,5687,hong_kong,SHING MUN HANDICAP,城门让赛,城门让赛,original marker is not bracketed
kept,term,5689,hong_kong,SOUTH BAY HANDICAP,南湾让赛,南湾让赛,original marker is not bracketed
kept,term,5690,hong_kong,SUN CHUI HANDICAP,新翠让赛,新翠让赛,original marker is not bracketed
kept,term,5691,hong_kong,SUN TIN WAI HANDICAP,新田围让赛,新田围让赛,original marker is not bracketed
kept,term,5694,hong_kong,TECHNICS HEADPHONES HANDICAP,TECHNICS耳机让赛,TECHNICS耳机让赛,original marker is not bracketed
kept,term,5697,hong_kong,TUNG CHUNG HANDICAP,东涌让赛,东涌让赛,original marker is not bracketed
kept,term,5698,hong_kong,WO CHE HANDICAP,禾𪨶让赛,禾𪨶让赛,original marker is not bracketed
kept,term,5701,hong_kong,BOCHK BOC PAY+ HANDICAP,中银香港BOC PAY+ 让赛,中银香港BOC PAY+ 让赛,original marker is not bracketed
kept,term,5702,hong_kong,BRIG O' DOON HANDICAP,杜恩桥让赛,杜恩桥让赛,original marker is not bracketed
kept,term,5706,hong_kong,CLASS 2 1000M TURF HANDICAP,第二班1000米草地让赛,第二班1000米草地让赛,original marker is not bracketed
kept,term,5707,hong_kong,CLASS 2 1600M TURF HANDICAP,第二班1600米草地让赛,第二班1600米草地让赛,original marker is not bracketed
kept,term,5708,hong_kong,CLASS 3 1200M AWT HANDICAP,第三班1200米全天候让赛,第三班1200米全天候让赛,original marker is not bracketed
kept,term,5709,hong_kong,CLASS 3 1200M TURF HANDICAP,第三班1200米草地让赛,第三班1200米草地让赛,original marker is not bracketed
kept,term,5710,hong_kong,CLASS 3 1600M TURF HANDICAP,第三班1600米草地让赛,第三班1600米草地让赛,original marker is not bracketed
kept,term,5711,hong_kong,CLASS 4 1000M TURF HANDICAP,第四班1000米草地让赛,第四班1000米草地让赛,original marker is not bracketed
kept,term,5712,hong_kong,CLASS 4 1200M AWT HANDICAP,第四班1200米全天候让赛,第四班1200米全天候让赛,original marker is not bracketed
kept,term,5713,hong_kong,CLASS 4 1200M TURF HANDICAP,第四班1200米草地让赛,第四班1200米草地让赛,original marker is not bracketed
kept,term,5714,hong_kong,CLASS 4 1600M TURF HANDICAP,第四班1600米草地让赛,第四班1600米草地让赛,original marker is not bracketed
kept,term,5715,hong_kong,CLASS 5 1400M TURF HANDICAP,第五班1400米草地让赛,第五班1400米草地让赛,original marker is not bracketed
kept,term,5716,hong_kong,CLYDE ARC HANDICAP,克莱德弧形桥让赛,克莱德弧形桥让赛,original marker is not bracketed
kept,term,5717,hong_kong,COTTON HANDICAP,棉花让赛,棉花让赛,original marker is not bracketed
kept,term,5718,hong_kong,CULLODEN BRIDGE HANDICAP,卡洛登高架桥让赛,卡洛登高架桥让赛,original marker is not bracketed
kept,term,5719,hong_kong,ELIZABETH ARDEN HANDICAP,ELIZABETH ARDEN让赛,ELIZABETH ARDEN让赛,original marker is not bracketed
kept,term,5720,hong_kong,FORTH ROAD BRIDGE HANDICAP,福斯公路桥让赛,福斯公路桥让赛,original marker is not bracketed
kept,term,5721,hong_kong,GLEN OGLE VIADUCT HANDICAP,格伦奥格尔高架桥让赛,格伦奥格尔高架桥让赛,original marker is not bracketed
kept,term,5722,hong_kong,GLENFINNAN VIADUCT HANDICAP,格伦芬南高架桥让赛,格伦芬南高架桥让赛,original marker is not bracketed
kept,term,5724,hong_kong,HING FAT HANDICAP,兴发让赛,兴发让赛,original marker is not bracketed
kept,term,5727,hong_kong,KYLESKU BRIDGE HANDICAP,凯尔斯库大桥让赛,凯尔斯库大桥让赛,original marker is not bracketed
kept,term,5731,hong_kong,LUKFOOK JEWELLERY CCOOL COLLECTION HANDICAP,六福珠宝玄酷系列让赛,六福珠宝玄酷系列让赛,original marker is not bracketed
kept,term,5732,hong_kong,LUKFOOK JEWELLERY DIABLING SHIMMERING GOLD COLLECTION HANDICAP,六福珠宝冰．钻光影金系列让赛,六福珠宝冰．钻光影金系列让赛,original marker is not bracketed
kept,term,5733,hong_kong,LUKFOOK JEWELLERY MISS HONG KONG LOVE YOURSELF COLLECTION HANDICAP,六福珠宝香港小姐悦己爱己系列让赛,六福珠宝香港小姐悦己爱己系列让赛,original marker is not bracketed
kept,term,5734,hong_kong,LUKFOOK JEWELLERY NIGHT BANQUET IN TANG PALACE COLLECTION HANDICAP,六福珠宝唐宫夜宴系列让赛,六福珠宝唐宫夜宴系列让赛,original marker is not bracketed
kept,term,5736,hong_kong,NEOGENCE HANDICAP,霓净思让赛,霓净思让赛,original marker is not bracketed
kept,term,5737,hong_kong,QUEENSFERRY BRIDGE HANDICAP,昆斯费里跨海大桥让赛,昆斯费里跨海大桥让赛,original marker is not bracketed
kept,term,5738,hong_kong,SHANTOU HANDICAP,汕头让赛,汕头让赛,original marker is not bracketed
kept,term,5739,hong_kong,SHING YIP HANDICAP,成业让赛,成业让赛,original marker is not bracketed
kept,term,5748,hong_kong,CEDAR HANDICAP,雪松让赛,雪松让赛,original marker is not bracketed
kept,term,5752,hong_kong,FAIRY KING PRAWN HANDICAP,靓虾王让赛,靓虾王让赛,original marker is not bracketed
kept,term,5758,hong_kong,KIMBERLEY HANDICAP,金巴利让赛,金巴利让赛,original marker is not bracketed
kept,term,5759,hong_kong,LAU SHUI HEUNG HANDICAP,流水响让赛,流水响让赛,original marker is not bracketed
kept,term,5760,hong_kong,LONG KE HANDICAP,浪茄让赛,浪茄让赛,original marker is not bracketed
kept,term,5762,hong_kong,MORRISON HILL HANDICAP,摩理臣山让赛,摩理臣山让赛,original marker is not bracketed
kept,term,5763,hong_kong,OUIJA BOARD HANDICAP,占卜让赛,占卜让赛,original marker is not bracketed
kept,term,5766,hong_kong,SHAM CHUNG HANDICAP,深涌让赛,深涌让赛,original marker is not bracketed
kept,term,5767,hong_kong,SHUI LONG WO HANDICAP,水浪窝让赛,水浪窝让赛,original marker is not bracketed
kept,term,5768,hong_kong,SNOW FAIRY HANDICAP,飞雪仙踪让赛,飞雪仙踪让赛,original marker is not bracketed
kept,term,5772,hong_kong,SWIFTLET HANDICAP,金丝燕让赛,金丝燕让赛,original marker is not bracketed
kept,term,5773,hong_kong,TAI LONG AU HANDICAP,大浪坳让赛,大浪坳让赛,original marker is not bracketed
kept,term,5774,hong_kong,TAI LONG TSUI HANDICAP,大浪咀让赛,大浪咀让赛,original marker is not bracketed
kept,term,5775,hong_kong,TAI TAN HANDICAP,大滩让赛,大滩让赛,original marker is not bracketed
kept,term,5780,hong_kong,VENTRIS HANDICAP,云地利让赛,云地利让赛,original marker is not bracketed
kept,term,5782,hong_kong,WONG CHUK WAN HANDICAP,黄竹湾让赛,黄竹湾让赛,original marker is not bracketed
kept,term,5783,hong_kong,WONG YI CHAU HANDICAP,黄宜洲让赛,黄宜洲让赛,original marker is not bracketed
kept,term,5784,hong_kong,YUNG SHUE O HANDICAP,榕树澳让赛,榕树澳让赛,original marker is not bracketed
kept,term,5786,hong_kong,CANNES HANDICAP,CANNES让赛,CANNES让赛,original marker is not bracketed
kept,term,5787,hong_kong,CROISETTE HANDICAP,CROISETTE让赛,CROISETTE让赛,original marker is not bracketed
kept,term,5788,hong_kong,CYCLING 1200M HANDICAP,单车1200米让赛,单车1200米让赛,original marker is not bracketed
kept,term,5789,hong_kong,DES VOEUX HANDICAP,德辅让赛,德辅让赛,original marker is not bracketed
kept,term,5791,hong_kong,FENCING 1400M HANDICAP,剑击1400米让赛,剑击1400米让赛,original marker is not bracketed
kept,term,5793,hong_kong,MARBLE HANDICAP,马宝让赛,马宝让赛,original marker is not bracketed
kept,term,5794,hong_kong,METEORITES HANDICAP,METEORITES让赛,METEORITES让赛,original marker is not bracketed
kept,term,5795,hong_kong,MONACO HANDICAP,MONACO让赛,MONACO让赛,original marker is not bracketed
kept,term,5796,hong_kong,MUI WO HANDICAP,梅窝让赛,梅窝让赛,original marker is not bracketed
kept,term,5797,hong_kong,PAK SHA O HANDICAP,白沙澳让赛,白沙澳让赛,original marker is not bracketed
kept,term,5798,hong_kong,PINE TREE HILL HANDICAP,松山让赛,松山让赛,original marker is not bracketed
kept,term,5800,hong_kong,RUGBY SEVENS 2000M HANDICAP,七人制橄榄球2000米让赛,七人制橄榄球2000米让赛,original marker is not bracketed
kept,term,5801,hong_kong,SAILING 1200M HANDICAP,帆船1200米让赛,帆船1200米让赛,original marker is not bracketed
kept,term,5802,hong_kong,SAINT TROPEZ HANDICAP,SAINT TROPEZ让赛,SAINT TROPEZ让赛,original marker is not bracketed
kept,term,5803,hong_kong,SOUTHORN HANDICAP,修顿让赛,修顿让赛,original marker is not bracketed
kept,term,5805,hong_kong,SWIMMING 1400M HANDICAP,游泳1400米让赛,游泳1400米让赛,original marker is not bracketed
kept,term,5806,hong_kong,TENNIS 1600M HANDICAP,网球1600米让赛,网球1600米让赛,original marker is not bracketed
kept,term,5810,hong_kong,TRIATHLON 1600M HANDICAP,铁人三项1600米让赛,铁人三项1600米让赛,original marker is not bracketed
kept,term,5812,hong_kong,YACHT CLUB HANDICAP,YACHT CLUB让赛,YACHT CLUB让赛,original marker is not bracketed
kept,term,5813,hong_kong,YUMMY HANDICAP,YUMMY让赛,YUMMY让赛,original marker is not bracketed
kept,term,5815,hong_kong,KENNEDY HANDICAP,坚尼地让赛,坚尼地让赛,original marker is not bracketed
kept,term,5816,hong_kong,LAM TSUEN HANDICAP,林村让赛,林村让赛,original marker is not bracketed
kept,term,5817,hong_kong,LONG VALLEY HANDICAP,塱原让赛,塱原让赛,original marker is not bracketed
kept,term,5818,hong_kong,NG FONG HANDICAP,五芳让赛,五芳让赛,original marker is not bracketed
kept,term,5819,hong_kong,ROBIN'S NEST HANDICAP,红花岭让赛,红花岭让赛,original marker is not bracketed
kept,term,5820,hong_kong,ROBINSON HANDICAP,罗便臣让赛,罗便臣让赛,original marker is not bracketed
kept,term,5821,hong_kong,SAM CHUK HANDICAP,三祝让赛,三祝让赛,original marker is not bracketed
kept,term,5822,hong_kong,SHEUNG HEI HANDICAP,双喜让赛,双喜让赛,original marker is not bracketed
kept,term,5823,hong_kong,SHUNG LING HANDICAP,崇龄让赛,崇龄让赛,original marker is not bracketed
kept,term,5824,hong_kong,SZE MEI HANDICAP,四美让赛,四美让赛,original marker is not bracketed
kept,term,5827,hong_kong,TSEUK LUK HANDICAP,爵禄让赛,爵禄让赛,original marker is not bracketed
kept,term,5828,hong_kong,TVB LO AND BEHOLD HANDICAP,TVB 爱．回家之开心速递让赛,TVB 爱．回家之开心速递让赛,original marker is not bracketed
kept,term,5829,hong_kong,TVB SCOOP HANDICAP,TVB东张西望让赛,TVB东张西望让赛,original marker is not bracketed
kept,term,5830,hong_kong,TVB THE QUEEN OF NEWS HANDICAP,TVB新闻女王让赛,TVB新闻女王让赛,original marker is not bracketed
kept,term,5831,hong_kong,YAN CHAU TONG HANDICAP,印洲塘让赛,印洲塘让赛,original marker is not bracketed
kept,term,5832,hong_kong,BONHAM HANDICAP,般咸让赛,般咸让赛,original marker is not bracketed
kept,term,5833,hong_kong,BREEZY HANDICAP,卑利士让赛,卑利士让赛,original marker is not bracketed
kept,term,5834,hong_kong,CITI CREDIT CARD HANDICAP,花旗银行信用卡让赛,花旗银行信用卡让赛,original marker is not bracketed
kept,term,5835,hong_kong,CONDUIT HANDICAP,干德让赛,干德让赛,original marker is not bracketed
kept,term,5836,hong_kong,CORNWALL HANDICAP,歌和老让赛,歌和老让赛,original marker is not bracketed
kept,term,5837,hong_kong,CW CHU ALUMNI HANDICAP,敬文校友让赛,敬文校友让赛,original marker is not bracketed
kept,term,5839,hong_kong,DEVON HANDICAP,德云让赛,德云让赛,original marker is not bracketed
kept,term,5840,hong_kong,HATTON HANDICAP,克顿让赛,克顿让赛,original marker is not bracketed
kept,term,5842,hong_kong,LYTTELTON HANDICAP,列堤顿让赛,列堤顿让赛,original marker is not bracketed
kept,term,5843,hong_kong,MORNINGSIDE AND LEE WOO SING ALUMNI HANDICAP,晨兴与和声校友让赛,晨兴与和声校友让赛,original marker is not bracketed
kept,term,5844,hong_kong,S.H. HO ALUMNI HANDICAP,善衡校友让赛,善衡校友让赛,original marker is not bracketed
kept,term,5845,hong_kong,SHAMROCK HANDICAP,三叶草让赛,三叶草让赛,original marker is not bracketed
kept,term,5848,hong_kong,TUEN MUN HANDICAP,屯门让赛,屯门让赛,original marker is not bracketed
kept,term,5849,hong_kong,WU YEE SUN ALUMNI HANDICAP,伍宜孙校友让赛,伍宜孙校友让赛,original marker is not bracketed
kept,term,5850,hong_kong,BLUFF HANDICAP,百禄让赛,百禄让赛,original marker is not bracketed
kept,term,5852,hong_kong,CELEBRATING 40 YEARS OF THE HKFC10s 1650M HANDICAP,庆祝香港足球会10人赛40周年1650米让赛,庆祝香港足球会10人赛40周年1650米让赛,original marker is not bracketed
kept,term,5853,hong_kong,CELEBRATING 50 YEARS OF THE HK SEVENS 1000M HANDICAP,庆祝香港国际七人榄球赛50周年1000米让赛,庆祝香港国际七人榄球赛50周年1000米让赛,original marker is not bracketed
kept,term,5856,hong_kong,DAEJEON HANDICAP,大田让赛,大田让赛,original marker is not bracketed
kept,term,5858,hong_kong,EMBRACING SUCCESS IN ITS MANY WAYS 1400M HANDICAP,成就多元人才1400米让赛,成就多元人才1400米让赛,original marker is not bracketed
kept,term,5859,hong_kong,ENABLING A SUSTAINABLE FUTURE 1200M HANDICAP,共筑可持续未来1200米让赛,共筑可持续未来1200米让赛,original marker is not bracketed
kept,term,5860,hong_kong,ENABLING PROFESSIONALS TO FLOURISH FOR THEIR CHARGE 1200M HANDICAP,尽展所长・创造改变1200米让赛,尽展所长・创造改变1200米让赛,original marker is not bracketed
kept,term,5861,hong_kong,ENRICHING LIVES THROUGH ARTS AND CULTURE 1650M HANDICAP,丰富艺文生活1650米让赛,丰富艺文生活1650米让赛,original marker is not bracketed
kept,term,5862,hong_kong,FOSTERING AN ENABLING AND INCLUSIVE SOCIETY 1800M HANDICAP,促进社会公平共融1800米让赛,促进社会公平共融1800米让赛,original marker is not bracketed
kept,term,5863,hong_kong,FWD 1828 HANDICAP,富卫1828让赛,富卫1828让赛,original marker is not bracketed
kept,term,5864,hong_kong,GILLIES HANDICAP,机利士让赛,机利士让赛,original marker is not bracketed
kept,term,5866,hong_kong,GOLDEN POINT 1200M HANDICAP,黄金得分1200米让赛,黄金得分1200米让赛,original marker is not bracketed
kept,term,5868,hong_kong,HART HANDICAP,赫德让赛,赫德让赛,original marker is not bracketed
kept,term,5869,hong_kong,HELPING OLDER ADULTS AGE WELL 1400M HANDICAP,关爱同行乐颐年1400米让赛,关爱同行乐颐年1400米让赛,original marker is not bracketed
kept,term,5872,hong_kong,LIFTING EVERY YOUNG LIFE 1200M HANDICAP,青幼启迪1200米让赛,青幼启迪1200米让赛,original marker is not bracketed
kept,term,5875,hong_kong,ONE CITY TWO PASSIONS 1200M HANDICAP,全城期待・两大体育盛事1200米让赛,全城期待・两大体育盛事1200米让赛,original marker is not bracketed
kept,term,5876,hong_kong,PARKES HANDICAP,白加士让赛,白加士让赛,original marker is not bracketed
kept,term,5877,hong_kong,PEEL HANDICAP,贝璐让赛,贝璐让赛,original marker is not bracketed
kept,term,5878,hong_kong,PILKEM HANDICAP,庇利金让赛,庇利金让赛,original marker is not bracketed
kept,term,5879,hong_kong,PING SHEK HANDICAP,坪石让赛,坪石让赛,original marker is not bracketed
kept,term,5880,hong_kong,PLUNKETT'S HANDICAP,宾吉让赛,宾吉让赛,original marker is not bracketed
kept,term,5881,hong_kong,PROMOTING HEALTH FOR ALL 1000M HANDICAP,促进全民健康1000米让赛,促进全民健康1000米让赛,original marker is not bracketed
kept,term,5882,hong_kong,RACING FOR CHARITY 1800M HANDICAP,赛马惠慈善1800米让赛,赛马惠慈善1800米让赛,original marker is not bracketed
kept,term,5883,hong_kong,RACING WITH RUGBY 1200M HANDICAP,赛马 × 榄球1200米让赛,赛马 × 榄球1200米让赛,original marker is not bracketed
kept,term,5885,hong_kong,SCRUM HALF 1650M HANDICAP,列阵争球1650米让赛,列阵争球1650米让赛,original marker is not bracketed
kept,term,5886,hong_kong,SHEK KIP MEI HANDICAP,石硖尾让赛,石硖尾让赛,original marker is not bracketed
kept,term,5888,hong_kong,SUCCESSFUL CONVERSION 1800M HANDICAP,成功附加射门1800米让赛,成功附加射门1800米让赛,original marker is not bracketed
kept,term,5889,hong_kong,SUPPORTING SPORTS ALL AROUND 1200M HANDICAP,普及运动和体育发展1200米让赛,普及运动和体育发展1200米让赛,original marker is not bracketed
kept,term,5890,hong_kong,WINNING TRY 1650M HANDICAP,胜利达阵1650米让赛,胜利达阵1650米让赛,original marker is not bracketed
kept,term,5891,hong_kong,BEAS RIVER COUNTRY CLUB 1800M HANDICAP,双鱼河乡村会所1800米让赛,双鱼河乡村会所1800米让赛,original marker is not bracketed
kept,term,5892,hong_kong,BEIJING CLUBHOUSE 1200M HANDICAP,北京会所1200米让赛,北京会所1200米让赛,original marker is not bracketed
kept,term,5894,hong_kong,CARNATION HANDICAP,康乃馨让赛,康乃馨让赛,original marker is not bracketed
kept,term,5895,hong_kong,CELEBRATING OUR SHARED CHAMPION SPIRIT 1200M HANDICAP,马耀传承1200米让赛,马耀传承1200米让赛,original marker is not bracketed
kept,term,5896,hong_kong,CELOSIA HANDICAP,鸡冠花让赛,鸡冠花让赛,original marker is not bracketed
kept,term,5898,hong_kong,CONGHUA RACECOURSE 2000M HANDICAP,从化马场2000米让赛,从化马场2000米让赛,original marker is not bracketed
kept,term,5899,hong_kong,DANDELION HANDICAP,蒲公英让赛,蒲公英让赛,original marker is not bracketed
kept,term,5901,hong_kong,DENDROBIUM HANDICAP,石斛兰让赛,石斛兰让赛,original marker is not bracketed
kept,term,5902,hong_kong,FEDERATION OF ASSOCIATIONS OF NATIVE HING NING RESIDENTS IN HONG KONG CUP HANDICAP,香港兴宁同乡总会杯让赛,香港兴宁同乡总会杯让赛,original marker is not bracketed
kept,term,5903,hong_kong,FEDERATION OF QING YUAN ASSOCIATIONS (HONG KONG) CUP HANDICAP,香港清远社团总会杯让赛,香港清远社团总会杯让赛,original marker is not bracketed
kept,term,5904,hong_kong,HONG KONG FEDERATION OF GUANGZHOU ASSOCIATIONS CUP HANDICAP,香港广州社团总会杯让赛,香港广州社团总会杯让赛,original marker is not bracketed
kept,term,5905,hong_kong,HONG KONG FEDERATION OF HUICHOW ASSOCIATIONS CUP HANDICAP,香港惠州社团联合总会杯让赛,香港惠州社团联合总会杯让赛,original marker is not bracketed
kept,term,5906,hong_kong,HONG KONG KA YING (MEIZHOU) GENERAL CHAMBER OF COMMERCE CUP HANDICAP,香港嘉应（梅州）总商会杯让赛,香港嘉应（梅州）总商会杯让赛,original marker is not bracketed
kept,term,5907,hong_kong,HONG KONG MEI ZHOU ASSOCIATION CUP HANDICAP,香港梅州联会杯让赛,香港梅州联会杯让赛,original marker is not bracketed
kept,term,5909,hong_kong,HYACINTH HANDICAP,风信子让赛,风信子让赛,original marker is not bracketed
kept,term,5910,hong_kong,POK FU LAM RESERVOIR HANDICAP,薄扶林水塘让赛,薄扶林水塘让赛,original marker is not bracketed
kept,term,5911,hong_kong,SHENZHEN CENTRE 1400M HANDICAP,骏心台1400米让赛,骏心台1400米让赛,original marker is not bracketed
kept,term,5912,hong_kong,STANDARD CHARTERED CORPORATE & INVESTMENT BANKING HANDICAP,渣打企业及投资银行让赛,渣打企业及投资银行让赛,original marker is not bracketed
kept,term,5913,hong_kong,STANDARD CHARTERED DIGITAL ASSETS HANDICAP,渣打数码资产业务让赛,渣打数码资产业务让赛,original marker is not bracketed
kept,term,5914,hong_kong,STANDARD CHARTERED GLOBAL PRIVATE BANK HANDICAP,渣打环球私人银行让赛,渣打环球私人银行让赛,original marker is not bracketed
kept,term,5915,hong_kong,STANDARD CHARTERED GREATER BAY AREA HANDICAP,渣打大湾区业务让赛,渣打大湾区业务让赛,original marker is not bracketed
kept,term,5916,hong_kong,STANDARD CHARTERED PRIORITY BANKING HANDICAP,渣打优先理财让赛,渣打优先理财让赛,original marker is not bracketed
kept,term,5917,hong_kong,STANDARD CHARTERED PRIORITY PRIVATE HANDICAP,渣打优先私人理财让赛,渣打优先私人理财让赛,original marker is not bracketed
kept,term,5918,hong_kong,STANDARD CHARTERED RENMINBI BUSINESS HANDICAP,渣打人民币业务让赛,渣打人民币业务让赛,original marker is not bracketed
kept,term,5919,hong_kong,STANDARD CHARTERED SME BANKING HANDICAP,渣打中小企业银行让赛,渣打中小企业银行让赛,original marker is not bracketed
kept,term,5920,hong_kong,STANDARD CHARTERED SUSTAINABLE FINANCE HANDICAP,渣打可持续金融业务让赛,渣打可持续金融业务让赛,original marker is not bracketed
kept,term,5921,hong_kong,STANDARD CHARTERED WEALTH SOLUTIONS HANDICAP,渣打财富方案让赛,渣打财富方案让赛,original marker is not bracketed
kept,term,5922,hong_kong,THE GENERAL ASSOCIATION OF HONG KONG HEYUAN SOCIETIES CUP HANDICAP,香港河源社团总会杯让赛,香港河源社团总会杯让赛,original marker is not bracketed
kept,term,5924,hong_kong,ANSER HANDICAP,大雁让赛,大雁让赛,original marker is not bracketed
kept,term,5925,hong_kong,CONNAUGHT ROAD CENTRAL HANDICAP,干诺道中让赛,干诺道中让赛,original marker is not bracketed
kept,term,5926,hong_kong,DES VOEUX ROAD CENTRAL HANDICAP,德辅道中让赛,德辅道中让赛,original marker is not bracketed
kept,term,5928,hong_kong,HKU FACULTIES OF ARTS AND EDUCATION HANDICAP,香港大学文学院与教育学院让赛,香港大学文学院与教育学院让赛,original marker is not bracketed
kept,term,5929,hong_kong,HKU JOCKEY CLUB TOWER HANDICAP,香港大学赛马会教学楼让赛,香港大学赛马会教学楼让赛,original marker is not bracketed
kept,term,5930,hong_kong,ICE HOUSE STREET HANDICAP,雪厂街让赛,雪厂街让赛,original marker is not bracketed
kept,term,5931,hong_kong,KING'S ROAD HANDICAP,英皇道让赛,英皇道让赛,original marker is not bracketed
kept,term,5932,hong_kong,LEIGHTON ROAD HANDICAP,礼顿道让赛,礼顿道让赛,original marker is not bracketed
kept,term,5933,hong_kong,MIDDLE GAP HANDICAP,中峡让赛,中峡让赛,original marker is not bracketed
kept,term,5934,hong_kong,MORRISON HILL ROAD HANDICAP,摩利臣山道让赛,摩利臣山道让赛,original marker is not bracketed
kept,term,5935,hong_kong,OWL HANDICAP,猫头鹰让赛,猫头鹰让赛,original marker is not bracketed
kept,term,5936,hong_kong,SHEARWATER HANDICAP,海鸥让赛,海鸥让赛,original marker is not bracketed
kept,term,5937,hong_kong,SNIPE HANDICAP,沙锥鸟让赛,沙锥鸟让赛,original marker is not bracketed
kept,term,5941,hong_kong,VICTORIA HARBOUR HANDICAP,维多利亚港让赛,维多利亚港让赛,original marker is not bracketed
kept,term,5942,hong_kong,WEST KOWLOON HANDICAP,西九龙让赛,西九龙让赛,original marker is not bracketed
kept,term,5943,hong_kong,WESTLANDS ROAD HANDICAP,华兰路让赛,华兰路让赛,original marker is not bracketed
kept,term,5944,hong_kong,BETTER FUTURE 1200M HANDICAP,更好未来1200米让赛,更好未来1200米让赛,original marker is not bracketed
kept,term,5945,hong_kong,RACING GOES ON 1600M HANDICAP,马照跑1600米让赛,马照跑1600米让赛,original marker is not bracketed
kept,term,5946,hong_kong,SPORTSMANSHIP 1600M HANDICAP,体育精神1600米让赛,体育精神1600米让赛,original marker is not bracketed
kept,term,5948,hong_kong,UNCOMPROMISING INTEGRITY 1000M HANDICAP,坚守诚信1000米让赛,坚守诚信1000米让赛,original marker is not bracketed
kept,term,15083,hong_kong,VICTORIA HANDICAP,域多利让赛,域多利让赛,original marker is not bracketed
kept,term,29228,hong_kong,ABLE ONE HANDICAP,步步稳让赛,步步稳让赛,original marker is not bracketed
kept,term,29229,hong_kong,ADVANCING SPORTS & CULTURE 1600M HANDICAP,体育及文化1600米让赛,体育及文化1600米让赛,original marker is not bracketed
kept,term,29230,hong_kong,AHAVA HANDICAP,AHAVA让赛,AHAVA让赛,original marker is not bracketed
kept,term,29231,hong_kong,AKEED MOFEED HANDICAP,事事为王让赛,事事为王让赛,original marker is not bracketed
kept,term,29232,hong_kong,ALBERT HANDICAP,亚厘毕让赛,亚厘毕让赛,original marker is not bracketed
kept,term,29233,hong_kong,ALDRICH BAY HANDICAP,爱秩序湾让赛,爱秩序湾让赛,original marker is not bracketed
kept,term,29234,hong_kong,ALEXANDRITE HANDICAP,紫翠玉让赛,紫翠玉让赛,original marker is not bracketed
kept,term,29235,hong_kong,ALL JOYFUL HANDICAP,皆大开心让赛,皆大开心让赛,original marker is not bracketed
kept,term,29236,hong_kong,ALNWICK HANDICAP,安域让赛,安域让赛,original marker is not bracketed
kept,term,29237,hong_kong,AMAH ROCK HANDICAP,望夫石让赛,望夫石让赛,original marker is not bracketed
kept,term,29238,hong_kong,AMAZING STAR HANDICAP,君达星让赛,君达星让赛,original marker is not bracketed
kept,term,29239,hong_kong,AMBER HANDICAP,琥珀让赛,琥珀让赛,original marker is not bracketed
kept,term,29240,hong_kong,AQUAMARINE HANDICAP,海蓝宝让赛,海蓝宝让赛,original marker is not bracketed
kept,term,29241,hong_kong,ARBUTHNOT HANDICAP,亚毕诺让赛,亚毕诺让赛,original marker is not bracketed
kept,term,29242,hong_kong,ARGYLE HANDICAP,亚皆老让赛,亚皆老让赛,original marker is not bracketed
kept,term,29243,hong_kong,ARMADA HANDICAP,好利威让赛,好利威让赛,original marker is not bracketed
kept,term,29244,hong_kong,ASSOCIATION OF OFFICIAL RACING CHEMISTS HANDICAP,国际赛事化验师协会让赛,国际赛事化验师协会让赛,original marker is not bracketed
kept,term,29245,hong_kong,BABINGTON HANDICAP,巴丙顿让赛,巴丙顿让赛,original marker is not bracketed
kept,term,29246,hong_kong,BADMINTON 1200M HANDICAP,羽毛球1200米让赛,羽毛球1200米让赛,original marker is not bracketed
kept,term,29247,hong_kong,BAKER HANDICAP,必嘉让赛,必嘉让赛,original marker is not bracketed
kept,term,29248,hong_kong,BALMORAL CASTLE HANDICAP,巴摩卢城堡让赛,巴摩卢城堡让赛,original marker is not bracketed
kept,term,29249,hong_kong,BALSAMINE HANDICAP,凤仙花让赛,凤仙花让赛,original marker is not bracketed
kept,term,29251,hong_kong,BEAUTY FLASH HANDICAP,缔造美丽让赛,缔造美丽让赛,original marker is not bracketed
kept,term,29252,hong_kong,BELCHER BAY HANDICAP,卑路乍湾让赛,卑路乍湾让赛,original marker is not bracketed
kept,term,29253,hong_kong,BELLAHOUSTON HANDICAP,贝拉休斯顿让赛,贝拉休斯顿让赛,original marker is not bracketed
kept,term,29254,hong_kong,BETTER FUTURE 1000M HANDICAP,更好未来1000米让赛,更好未来1000米让赛,original marker is not bracketed
kept,term,29255,hong_kong,BETTER FUTURE 1400M HANDICAP,更好未来1400米让赛,更好未来1400米让赛,original marker is not bracketed
kept,term,29256,hong_kong,BIG WAVE BAY HANDICAP,大浪湾让赛,大浪湾让赛,original marker is not bracketed
kept,term,29257,hong_kong,BLAZING SPEED HANDICAP,将男让赛,将男让赛,original marker is not bracketed
kept,term,29258,hong_kong,BOCCIA 1000M HANDICAP,硬地滚球1000米让赛,硬地滚球1000米让赛,original marker is not bracketed
kept,term,29259,hong_kong,BOCCIA 1600M HANDICAP,硬地滚球1600米让赛,硬地滚球1600米让赛,original marker is not bracketed
kept,term,29260,hong_kong,BRAZIL HANDICAP,巴西让赛,巴西让赛,original marker is not bracketed
kept,term,29261,hong_kong,BRIDGES HANDICAP,必列者士让赛,必列者士让赛,original marker is not bracketed
kept,term,29262,hong_kong,BRUNTSFIELD HANDICAP,布伦菲德让赛,布伦菲德让赛,original marker is not bracketed
kept,term,29263,hong_kong,BULKELEY HANDICAP,宝其利让赛,宝其利让赛,original marker is not bracketed
kept,term,29264,hong_kong,BULLISH LUCK HANDICAP,牛精福星让赛,牛精福星让赛,original marker is not bracketed
kept,term,29265,hong_kong,CAFETERIA HANDICAP,咖啡湾让赛,咖啡湾让赛,original marker is not bracketed
kept,term,29266,hong_kong,CAINE HANDICAP,坚道让赛,坚道让赛,original marker is not bracketed
kept,term,29267,hong_kong,CALIFORNIA MEMORY HANDICAP,加州万里让赛,加州万里让赛,original marker is not bracketed
kept,term,29268,hong_kong,CALLA LILY HANDICAP,马蹄兰让赛,马蹄兰让赛,original marker is not bracketed
kept,term,29269,hong_kong,CANNON HANDICAP,景隆让赛,景隆让赛,original marker is not bracketed
kept,term,29270,hong_kong,CARING COMMUNITY 1400M HANDICAP,关爱社会1400米让赛,关爱社会1400米让赛,original marker is not bracketed
kept,term,29272,hong_kong,CASSIA HANDICAP,高槐让赛,高槐让赛,original marker is not bracketed
kept,term,29273,hong_kong,CASTLE PEAK BAY HANDICAP,青山湾让赛,青山湾让赛,original marker is not bracketed
kept,term,29275,hong_kong,CHAI WAN HANDICAP,柴湾让赛,柴湾让赛,original marker is not bracketed
kept,term,29276,hong_kong,CHAMPION APPRENTICES HANDICAP,冠军见习骑师让赛,冠军见习骑师让赛,original marker is not bracketed
kept,term,29277,hong_kong,CHANCERY HANDICAP,赞善让赛,赞善让赛,original marker is not bracketed
kept,term,29278,hong_kong,CHEUNG FAT HANDICAP,长发让赛,长发让赛,original marker is not bracketed
kept,term,29279,hong_kong,CHEUNG HONG HANDICAP,长康让赛,长康让赛,original marker is not bracketed
kept,term,29280,hong_kong,CHEUNG LIN SHAN HANDICAP,长连山让赛,长连山让赛,original marker is not bracketed
kept,term,29281,hong_kong,CHEUNG SHA WAN HANDICAP,长沙湾让赛,长沙湾让赛,original marker is not bracketed
kept,term,29282,hong_kong,CHEVALIER BUILDING SUPPLIES & ENGINEERING HANDICAP,其士建材工程让赛,其士建材工程让赛,original marker is not bracketed
kept,term,29283,hong_kong,CHEVALIER CAR DEALERSHIP HANDICAP,其士汽车代理让赛,其士汽车代理让赛,original marker is not bracketed
kept,term,29284,hong_kong,CHEVALIER COLD STORAGE & LOGISTICS HANDICAP,其士冷仓物流让赛,其士冷仓物流让赛,original marker is not bracketed
kept,term,29285,hong_kong,CHEVALIER CONSTRUCTION HANDICAP,其士建筑让赛,其士建筑让赛,original marker is not bracketed
kept,term,29286,hong_kong,CHEVALIER E & M ENGINEERING HANDICAP,其士机电工程让赛,其士机电工程让赛,original marker is not bracketed
kept,term,29287,hong_kong,CHEVALIER PROPERTY DEVELOPMENT & OPERATIONS HANDICAP,其士物业发展及营运让赛,其士物业发展及营运让赛,original marker is not bracketed
kept,term,29288,hong_kong,CHEVALIER PROPERTY INVESTMENT HANDICAP,其士物业投资让赛,其士物业投资让赛,original marker is not bracketed
kept,term,29289,hong_kong,CITI MOBILE BANKING HANDICAP,花旗银行流动理财让赛,花旗银行流动理财让赛,original marker is not bracketed
kept,term,29290,hong_kong,CITI PRIORITY HANDICAP,花旗银行CITI PRIORITY让赛,花旗银行CITI PRIORITY让赛,original marker is not bracketed
kept,term,29291,hong_kong,CITI ULTIMA CARD HANDICAP,CITI ULTIMA CARD让赛,CITI ULTIMA CARD让赛,original marker is not bracketed
kept,term,29292,hong_kong,CITI WEALTH MANAGEMENT SERVICES HANDICAP,花旗银行财富管理服务让赛,花旗银行财富管理服务让赛,original marker is not bracketed
kept,term,29293,hong_kong,CLEMENTI HANDICAP,金文泰让赛,金文泰让赛,original marker is not bracketed
kept,term,29294,hong_kong,CLEVERLY HANDICAP,急庇利让赛,急庇利让赛,original marker is not bracketed
kept,term,29295,hong_kong,CLUB STREET HANDICAP,会所街让赛,会所街让赛,original marker is not bracketed
kept,term,29296,hong_kong,COLINTON HANDICAP,哥连顿让赛,哥连顿让赛,original marker is not bracketed
kept,term,29297,hong_kong,COLLECTION HANDICAP,闲话一句让赛,闲话一句让赛,original marker is not bracketed
kept,term,29298,hong_kong,COLOANE HANDICAP,路环让赛,路环让赛,original marker is not bracketed
kept,term,29299,hong_kong,CONTENTMENT HANDICAP,咏彩缤纷让赛,咏彩缤纷让赛,original marker is not bracketed
kept,term,29300,hong_kong,CONTINUOUS DEVELOPMENT 1000M HANDICAP,持续进步1000米让赛,持续进步1000米让赛,original marker is not bracketed
kept,term,29301,hong_kong,CONTINUOUS DEVELOPMENT 1200M HANDICAP,持续进步1200米让赛,持续进步1200米让赛,original marker is not bracketed
kept,term,29302,hong_kong,CONTRACT BRIDGE 1400M HANDICAP,桥牌1400米让赛,桥牌1400米让赛,original marker is not bracketed
kept,term,29303,hong_kong,COOPER HANDICAP,谷柏让赛,谷柏让赛,original marker is not bracketed
kept,term,29304,hong_kong,CORNFLOWER HANDICAP,矢车菊让赛,矢车菊让赛,original marker is not bracketed
kept,term,29305,hong_kong,CORUM EXCELLENT HANDICAP,CORUM卓越让赛,CORUM卓越让赛,original marker is not bracketed
kept,term,29306,hong_kong,CREASY HANDICAP,祈礼士让赛,祈礼士让赛,original marker is not bracketed
kept,term,29307,hong_kong,CROCUS HANDICAP,番红花让赛,番红花让赛,original marker is not bracketed
kept,term,29308,hong_kong,CROOKSTON CASTLE HANDICAP,克鲁克斯顿城堡让赛,克鲁克斯顿城堡让赛,original marker is not bracketed
kept,term,29309,hong_kong,CRYSTAL HANDICAP,水晶让赛,水晶让赛,original marker is not bracketed
kept,term,29310,hong_kong,CW CHU AND LEE WOO SING ALUMNI HANDICAP,敬文与和声校友让赛,敬文与和声校友让赛,original marker is not bracketed
kept,term,29311,hong_kong,CYBER COLORS HANDICAP,CYBER COLORS让赛,CYBER COLORS让赛,original marker is not bracketed
kept,term,29312,hong_kong,CYCLING 1400M HANDICAP,单车1400米让赛,单车1400米让赛,original marker is not bracketed
kept,term,29313,hong_kong,CYPRESS HANDICAP,柏树让赛,柏树让赛,original marker is not bracketed
kept,term,29314,hong_kong,D B PIN HANDICAP,翩翩让赛,翩翩让赛,original marker is not bracketed
kept,term,29315,hong_kong,DAPHNE HANDICAP,月桂让赛,月桂让赛,original marker is not bracketed
kept,term,29316,hong_kong,DEEP BAY HANDICAP,后海湾让赛,后海湾让赛,original marker is not bracketed
kept,term,29317,hong_kong,DEVELOPMENT FOCUS PARA SPORTS 1600M HANDICAP,残疾人运动发展项目1600米让赛,残疾人运动发展项目1600米让赛,original marker is not bracketed
kept,term,29318,hong_kong,DORSET HANDICAP,多实让赛,多实让赛,original marker is not bracketed
kept,term,29319,hong_kong,DRAKE HANDICAP,德立让赛,德立让赛,original marker is not bracketed
kept,term,29320,hong_kong,DUDDELL HANDICAP,都爹利让赛,都爹利让赛,original marker is not bracketed
kept,term,29321,hong_kong,DUNDAS HANDICAP,登打士让赛,登打士让赛,original marker is not bracketed
kept,term,29322,hong_kong,DUNNOTTAR CASTLE HANDICAP,部诺特城堡让赛,部诺特城堡让赛,original marker is not bracketed
kept,term,29323,hong_kong,DURHAM HANDICAP,对衡让赛,对衡让赛,original marker is not bracketed
kept,term,29324,hong_kong,EDINBURGH CASTLE HANDICAP,爱丁堡城堡让赛,爱丁堡城堡让赛,original marker is not bracketed
kept,term,29325,hong_kong,EILEAN CASTLE HANDICAP,艾莲城堡让赛,艾莲城堡让赛,original marker is not bracketed
kept,term,29326,hong_kong,ELGIN HANDICAP,伊利近让赛,伊利近让赛,original marker is not bracketed
kept,term,29327,hong_kong,EMPOWERING YOUTH 1400M HANDICAP,启发青年1400米让赛,启发青年1400米让赛,original marker is not bracketed
kept,term,29328,hong_kong,ENTRAPMENT HANDICAP,盈彩缤纷让赛,盈彩缤纷让赛,original marker is not bracketed
kept,term,29329,hong_kong,EQUESTRIAN 1000M HANDICAP,马术1000米让赛,马术1000米让赛,original marker is not bracketed
kept,term,29330,hong_kong,EQUESTRIAN 1400M HANDICAP,马术1400米让赛,马术1400米让赛,original marker is not bracketed
kept,term,29331,hong_kong,FALVELON HANDICAP,飞快龙让赛,飞快龙让赛,original marker is not bracketed
kept,term,29332,hong_kong,FAN LAU HANDICAP,分流让赛,分流让赛,original marker is not bracketed
kept,term,29333,hong_kong,FELLOWSHIP HANDICAP,友谊至上让赛,友谊至上让赛,original marker is not bracketed
kept,term,29334,hong_kong,FINANCE STREET HANDICAP,金融街让赛,金融街让赛,original marker is not bracketed
kept,term,29335,hong_kong,FIRECRACKER VINE HANDICAP,炮杖花让赛,炮杖花让赛,original marker is not bracketed
kept,term,29336,hong_kong,FLINTSHIRE HANDICAP,富林特郡让赛,富林特郡让赛,original marker is not bracketed
kept,term,29337,hong_kong,FLYING ELITE HANDICAP,劲飞翔让赛,劲飞翔让赛,original marker is not bracketed
kept,term,29338,hong_kong,FORT HANDICAP,堡垒让赛,堡垒让赛,original marker is not bracketed
kept,term,29339,hong_kong,FORTRESS HILL HANDICAP,炮台山让赛,炮台山让赛,original marker is not bracketed
kept,term,29340,hong_kong,FOUNTAIN PALM HANDICAP,蒲葵让赛,蒲葵让赛,original marker is not bracketed
kept,term,29341,hong_kong,FRANCK MULLER EXCELLENT HANDICAP,FRANCK MULLER卓越让赛,FRANCK MULLER卓越让赛,original marker is not bracketed
kept,term,29342,hong_kong,FRIENDSHIP BRIDGE HANDICAP,友谊大桥让赛,友谊大桥让赛,original marker is not bracketed
kept,term,29343,hong_kong,FRIGATEBIRD HANDICAP,军舰鸟让赛,军舰鸟让赛,original marker is not bracketed
kept,term,29344,hong_kong,FU CHEONG HANDICAP,富昌让赛,富昌让赛,original marker is not bracketed
kept,term,29345,hong_kong,FUK LOI HANDICAP,福来让赛,福来让赛,original marker is not bracketed
kept,term,29346,hong_kong,FUKUSHIMA HANDICAP,福岛让赛,福岛让赛,original marker is not bracketed
kept,term,29347,hong_kong,FWD INSURANCE 10 YEARS YOUNG CELEBRATION HANDICAP,富卫保险10周年志庆让赛,富卫保险10周年志庆让赛,original marker is not bracketed
kept,term,29348,hong_kong,FWD INSURANCE ACT CHAMPION HANDICAP,富卫保险ACT王者让赛,富卫保险ACT王者让赛,original marker is not bracketed
kept,term,29349,hong_kong,FWD INSURANCE FOREVER YOUNG HANDICAP,富卫保险长青让赛,富卫保险长青让赛,original marker is not bracketed
kept,term,29350,hong_kong,FWD INSURANCE JW REGION HANDICAP,富卫保险富强让赛,富卫保险富强让赛,original marker is not bracketed
kept,term,29351,hong_kong,FWD INSURANCE MY LEGEND HANDICAP,富卫保险传奇让赛,富卫保险传奇让赛,original marker is not bracketed
kept,term,29352,hong_kong,GAGE HANDICAP,结志让赛,结志让赛,original marker is not bracketed
kept,term,29353,hong_kong,GARDEN ROAD HANDICAP,花园道让赛,花园道让赛,original marker is not bracketed
kept,term,29354,hong_kong,GARNET HANDICAP,石榴石让赛,石榴石让赛,original marker is not bracketed
kept,term,29355,hong_kong,GERMANY HANDICAP,德国让赛,德国让赛,original marker is not bracketed
kept,term,29356,hong_kong,GIANT TREASURE HANDICAP,大印银纸让赛,大印银纸让赛,original marker is not bracketed
kept,term,29357,hong_kong,GIRARD-PERREGAUX EXCELLENT HANDICAP,GIRARD-PERREGAUX卓越让赛,GIRARD-PERREGAUX卓越让赛,original marker is not bracketed
kept,term,29358,hong_kong,GLASGOW HANDICAP,格拉斯哥让赛,格拉斯哥让赛,original marker is not bracketed
kept,term,29359,hong_kong,GLORIOUS DAYS HANDICAP,精彩日子让赛,精彩日子让赛,original marker is not bracketed
kept,term,29360,hong_kong,GLOUCESTER HANDICAP,告士打让赛,告士打让赛,original marker is not bracketed
kept,term,29361,hong_kong,GOLD MOUNT HANDICAP,大雄图让赛,大雄图让赛,original marker is not bracketed
kept,term,29362,hong_kong,GOLD-FUN HANDICAP,大运财让赛,大运财让赛,original marker is not bracketed
kept,term,29363,hong_kong,GOLF 1600M HANDICAP,高尔夫球1600米让赛,高尔夫球1600米让赛,original marker is not bracketed
kept,term,29364,hong_kong,GOOD BA BA HANDICAP,好爸爸让赛,好爸爸让赛,original marker is not bracketed
kept,term,29365,hong_kong,GRAND SEIKO EXCELLENT HANDICAP,GRAND SEIKO卓越让赛,GRAND SEIKO卓越让赛,original marker is not bracketed
kept,term,29366,hong_kong,GRANVILLE HANDICAP,加连威老让赛,加连威老让赛,original marker is not bracketed
kept,term,29367,hong_kong,GREAT HARVEST HANDICAP,种福者让赛,种福者让赛,original marker is not bracketed
kept,term,29368,hong_kong,GREEN LANE HANDICAP,箕琏坊让赛,箕琏坊让赛,original marker is not bracketed
kept,term,29369,hong_kong,GUANGDONG VOCATIONAL INSTITUTE OF SPORT HANDICAP,广东体育职业技术学院让赛,广东体育职业技术学院让赛,original marker is not bracketed
kept,term,29370,hong_kong,GUIA HILL HANDICAP,松山让赛,松山让赛,original marker is not bracketed
kept,term,29371,hong_kong,GWANGJU HANDICAP,光州让赛,光州让赛,original marker is not bracketed
kept,term,29372,hong_kong,H. MOSER & CIE. EXCELLENT HANDICAP,H. MOSER & CIE.卓越让赛,H. MOSER & CIE.卓越让赛,original marker is not bracketed
kept,term,29373,hong_kong,HAMILTON HANDICAP,咸美顿让赛,咸美顿让赛,original marker is not bracketed
kept,term,29374,hong_kong,HANG HAU HANDICAP,坑口让赛,坑口让赛,original marker is not bracketed
kept,term,29375,hong_kong,HAP MUN BAY HANDICAP,厦门湾让赛,厦门湾让赛,original marker is not bracketed
kept,term,29376,hong_kong,HAPPY ZERO HANDICAP,鸟语花香让赛,鸟语花香让赛,original marker is not bracketed
kept,term,29377,hong_kong,HARBOUR HANDICAP,港湾让赛,港湾让赛,original marker is not bracketed
kept,term,29378,hong_kong,HARCOURT HANDICAP,夏悫让赛,夏悫让赛,original marker is not bracketed
kept,term,29379,hong_kong,HAU TAK HANDICAP,厚德让赛,厚德让赛,original marker is not bracketed
kept,term,29380,hong_kong,HELENE MASCOT HANDICAP,喜莲福星让赛,喜莲福星让赛,original marker is not bracketed
kept,term,29381,hong_kong,HENDERSON HANDICAP,轩德荪让赛,轩德荪让赛,original marker is not bracketed
kept,term,29382,hong_kong,HEUNG YIP HANDICAP,香叶让赛,香叶让赛,original marker is not bracketed
kept,term,29383,hong_kong,HILLIER HANDICAP,禧利让赛,禧利让赛,original marker is not bracketed
kept,term,29384,hong_kong,HING MAN HANDICAP,兴民让赛,兴民让赛,original marker is not bracketed
kept,term,29385,hong_kong,HING TUNG HANDICAP,兴东让赛,兴东让赛,original marker is not bracketed
kept,term,29386,hong_kong,HIP WO HANDICAP,协和让赛,协和让赛,original marker is not bracketed
kept,term,29387,hong_kong,HKU LIBRARIES HANDICAP,HKU LIBRARIES让赛,HKU LIBRARIES让赛,original marker is not bracketed
kept,term,29388,hong_kong,HO SHEUNG HEUNG ROAD HANDICAP,河上乡路让赛,河上乡路让赛,original marker is not bracketed
kept,term,29389,hong_kong,HOI MEI WAN HANDICAP,海美湾让赛,海美湾让赛,original marker is not bracketed
kept,term,29390,hong_kong,HOI PING HANDICAP,开平让赛,开平让赛,original marker is not bracketed
kept,term,29391,hong_kong,HOLLYWOOD HANDICAP,荷李活让赛,荷李活让赛,original marker is not bracketed
kept,term,29392,hong_kong,HONEYEATER HANDICAP,吸蜜鸟让赛,吸蜜鸟让赛,original marker is not bracketed
kept,term,29393,hong_kong,HONG KONG ASSOCIATION OF SPORTS MEDICINE AND SPORTS SCIENCE HANDICAP,香港运动医学及科学学会让赛,香港运动医学及科学学会让赛,original marker is not bracketed
kept,term,29394,hong_kong,HORSEPOWER HANDICAP,马力让赛,马力让赛,original marker is not bracketed
kept,term,29395,hong_kong,HUANGCUN SPORTS TRAINING CENTRE HANDICAP,黄村体育训练中心让赛,黄村体育训练中心让赛,original marker is not bracketed
kept,term,29396,hong_kong,IBROX HANDICAP,伊布罗克斯让赛,伊布罗克斯让赛,original marker is not bracketed
kept,term,29397,hong_kong,INTERNATIONAL GROUP OF SPECIALIST RACING VETERINARIANS HANDICAP,国际竞赛马匹专科兽医组织让赛,国际竞赛马匹专科兽医组织让赛,original marker is not bracketed
kept,term,29398,hong_kong,INVERLEITH PARK HANDICAP,欣富利公园让赛,欣富利公园让赛,original marker is not bracketed
kept,term,29399,hong_kong,IRIS HANDICAP,蝴蝶花让赛,蝴蝶花让赛,original marker is not bracketed
kept,term,29400,hong_kong,ISLE OF SKYE HANDICAP,斯凯岛让赛,斯凯岛让赛,original marker is not bracketed
kept,term,29401,hong_kong,IWC SCHAFFHAUSEN EXCELLENT HANDICAP,IWC SCHAFFHAUSEN卓越让赛,IWC SCHAFFHAUSEN卓越让赛,original marker is not bracketed
kept,term,29402,hong_kong,JASPER HANDICAP,碧玉让赛,碧玉让赛,original marker is not bracketed
kept,term,29403,hong_kong,JAVA HANDICAP,渣华让赛,渣华让赛,original marker is not bracketed
kept,term,29404,hong_kong,JC VOLUNTEER TOGETHER 1200M HANDICAP,赛马会众心行善1200米让赛,赛马会众心行善1200米让赛,original marker is not bracketed
kept,term,29405,hong_kong,JERVOIS HANDICAP,苏杭让赛,苏杭让赛,original marker is not bracketed
kept,term,29406,hong_kong,JOHNSTON HANDICAP,庄士敦让赛,庄士敦让赛,original marker is not bracketed
kept,term,29407,hong_kong,JONQUIL HANDICAP,黄水仙让赛,黄水仙让赛,original marker is not bracketed
kept,term,29408,hong_kong,JORDAN VALLEY HANDICAP,佐敦谷让赛,佐敦谷让赛,original marker is not bracketed
kept,term,29409,hong_kong,KAI YIP HANDICAP,启业让赛,启业让赛,original marker is not bracketed
kept,term,29410,hong_kong,KAM TIN HANDICAP,锦田让赛,锦田让赛,original marker is not bracketed
kept,term,29411,hong_kong,KARATE 1400M HANDICAP,空手道1400米让赛,空手道1400米让赛,original marker is not bracketed
kept,term,29412,hong_kong,KAT O HOI HANDICAP,吉澳海让赛,吉澳海让赛,original marker is not bracketed
kept,term,29413,hong_kong,KENNEDY TOWN HANDICAP,坚尼地城让赛,坚尼地城让赛,original marker is not bracketed
kept,term,29414,hong_kong,KINFAUNS CASTLE HANDICAP,金芬斯城堡让赛,金芬斯城堡让赛,original marker is not bracketed
kept,term,29415,hong_kong,KINGS FALCON HANDICAP,君皇鹰让赛,君皇鹰让赛,original marker is not bracketed
kept,term,29416,hong_kong,KO SHING HANDICAP,高升让赛,高升让赛,original marker is not bracketed
kept,term,29417,hong_kong,KOKURA HANDICAP,小仓让赛,小仓让赛,original marker is not bracketed
kept,term,29418,hong_kong,KONG SIN WAN HANDICAP,钢线湾让赛,钢线湾让赛,original marker is not bracketed
kept,term,29419,hong_kong,KOTEWALL HANDICAP,旭龢让赛,旭龢让赛,original marker is not bracketed
kept,term,29420,hong_kong,KOWLOON TSAI PARK HANDICAP,九龙仔公园让赛,九龙仔公园让赛,original marker is not bracketed
kept,term,29421,hong_kong,KWAI SING HANDICAP,桂成让赛,桂成让赛,original marker is not bracketed
kept,term,29422,hong_kong,LA COLLINE HANDICAP,LA COLLINE让赛,LA COLLINE让赛,original marker is not bracketed
kept,term,29423,hong_kong,LA SUISSE WATCH EXCELLENT HANDICAP,瑞士表行卓越让赛,瑞士表行卓越让赛,original marker is not bracketed
kept,term,29424,hong_kong,LAI CHI KOK HANDICAP,荔枝角让赛,荔枝角让赛,original marker is not bracketed
kept,term,29425,hong_kong,LAI KOK HANDICAP,丽阁让赛,丽阁让赛,original marker is not bracketed
kept,term,29426,hong_kong,LANTAU ISLAND HANDICAP,大屿山让赛,大屿山让赛,original marker is not bracketed
kept,term,29427,hong_kong,LARCH HANDICAP,洋松让赛,洋松让赛,original marker is not bracketed
kept,term,29428,hong_kong,LAWN BOWLS 1800M HANDICAP,草地滚球1800米让赛,草地滚球1800米让赛,original marker is not bracketed
kept,term,29429,hong_kong,LIBERATOR HANDICAP,智多飞让赛,智多飞让赛,original marker is not bracketed
kept,term,29430,hong_kong,LILY HANDICAP,百合让赛,百合让赛,original marker is not bracketed
kept,term,29431,hong_kong,LINK HANDICAP,连道让赛,连道让赛,original marker is not bracketed
kept,term,29432,hong_kong,LOVES ONLY YOU HANDICAP,唯独爱你让赛,唯独爱你让赛,original marker is not bracketed
kept,term,29433,hong_kong,LUCKY NINE HANDICAP,天久让赛,天久让赛,original marker is not bracketed
kept,term,29434,hong_kong,LUKFOOK JEWELLERY F-STYLE HEY COOL COLLECTION HANDICAP,"六福珠宝""峰""格黑.潮系列让赛","六福珠宝""峰""格黑.潮系列让赛",original marker is not bracketed
kept,term,29435,hong_kong,LUKFOOK JEWELLERY F-STYLE PT IN STYLE COLLECTION HANDICAP,"六福珠宝""峰""格型男铂金系列让赛","六福珠宝""峰""格型男铂金系列让赛",original marker is not bracketed
kept,term,29436,hong_kong,LUKFOOK JEWELLERY LOVE FOREVER COLLECTION HANDICAP,六福珠宝爱恒久系列让赛,六福珠宝爱恒久系列让赛,original marker is not bracketed
kept,term,29437,hong_kong,LUKFOOK JEWELLERY PT GRACEFUL COLLECTION HANDICAP,六福珠宝娉婷系列让赛,六福珠宝娉婷系列让赛,original marker is not bracketed
kept,term,29438,hong_kong,LUNG WUI HANDICAP,龙汇让赛,龙汇让赛,original marker is not bracketed
kept,term,29439,hong_kong,LYNDHURST HANDICAP,摆花让赛,摆花让赛,original marker is not bracketed
kept,term,29440,hong_kong,MA KONG SHAN HANDICAP,孖岗山让赛,孖岗山让赛,original marker is not bracketed
kept,term,29441,hong_kong,MACAU HANDICAP,澳门让赛,澳门让赛,original marker is not bracketed
kept,term,29442,hong_kong,MACAU-TAIPA BRIDGE HANDICAP,澳氹大桥让赛,澳氹大桥让赛,original marker is not bracketed
kept,term,29443,hong_kong,MAI PO HANDICAP,米埔让赛,米埔让赛,original marker is not bracketed
kept,term,29444,hong_kong,MATHESON HANDICAP,勿地臣让赛,勿地臣让赛,original marker is not bracketed
kept,term,29445,hong_kong,MAURITIUS HANDICAP,毛里求斯让赛,毛里求斯让赛,original marker is not bracketed
kept,term,29446,hong_kong,MELBOURNE CUP TOUR HANDICAP,墨尔本杯巡回让赛,墨尔本杯巡回让赛,original marker is not bracketed
kept,term,29447,hong_kong,MERLIN HANDICAP,麦连让赛,麦连让赛,original marker is not bracketed
kept,term,29448,hong_kong,MIGHTY HIGH HANDICAP,火龙驹让赛,火龙驹让赛,original marker is not bracketed
kept,term,29449,hong_kong,MOORSOM HANDICAP,睦诚让赛,睦诚让赛,original marker is not bracketed
kept,term,29450,hong_kong,MORETON HANDICAP,摩顿让赛,摩顿让赛,original marker is not bracketed
kept,term,29451,hong_kong,MORRISON HANDICAP,摩理臣让赛,摩理臣让赛,original marker is not bracketed
kept,term,29452,hong_kong,MOUNT COLLINSON HANDICAP,歌连臣山让赛,歌连臣山让赛,original marker is not bracketed
kept,term,29453,hong_kong,MOUNT DAVIS HANDICAP,摩星岭让赛,摩星岭让赛,original marker is not bracketed
kept,term,29454,hong_kong,MOUNT GOUGH HANDICAP,歌赋山让赛,歌赋山让赛,original marker is not bracketed
kept,term,29455,hong_kong,MOUNT KELLETT HANDICAP,奇力山让赛,奇力山让赛,original marker is not bracketed
kept,term,29456,hong_kong,MR MEDICI HANDICAP,好先生让赛,好先生让赛,original marker is not bracketed
kept,term,29457,hong_kong,MURRAYFIELD HANDICAP,默里菲德让赛,默里菲德让赛,original marker is not bracketed
kept,term,29458,hong_kong,MYRESIDE HANDICAP,蔓艾斯特让赛,蔓艾斯特让赛,original marker is not bracketed
kept,term,29459,hong_kong,NAM FUNG HANDICAP,南风让赛,南风让赛,original marker is not bracketed
kept,term,29460,hong_kong,NAM WAN HANDICAP,南运让赛,南运让赛,original marker is not bracketed
kept,term,29461,hong_kong,NELSON HANDICAP,奶路臣让赛,奶路臣让赛,original marker is not bracketed
kept,term,29462,hong_kong,NEW ZEALAND HANDICAP,纽西兰让赛,纽西兰让赛,original marker is not bracketed
kept,term,29463,hong_kong,NGONG PING HANDICAP,昂坪让赛,昂坪让赛,original marker is not bracketed
kept,term,29464,hong_kong,NINEPIN GROUP HANDICAP,果洲群岛让赛,果洲群岛让赛,original marker is not bracketed
kept,term,29465,hong_kong,OI KWAN HANDICAP,爱群让赛,爱群让赛,original marker is not bracketed
kept,term,29466,hong_kong,OLD BAILEY HANDICAP,奥卑利让赛,奥卑利让赛,original marker is not bracketed
kept,term,29467,hong_kong,ONYX HANDICAP,缟玛瑙让赛,缟玛瑙让赛,original marker is not bracketed
kept,term,29468,hong_kong,OPAL HANDICAP,蛋白石让赛,蛋白石让赛,original marker is not bracketed
kept,term,29469,hong_kong,PALM HANDICAP,棕榈让赛,棕榈让赛,original marker is not bracketed
kept,term,29470,hong_kong,PANASONIC 4K TV HANDICAP,PANASONIC 4K电视让赛,PANASONIC 4K电视让赛,original marker is not bracketed
kept,term,29471,hong_kong,PANASONIC 6-DOOR REFRIGERATOR HANDICAP,PANASONIC六门雪柜让赛,PANASONIC六门雪柜让赛,original marker is not bracketed
kept,term,29472,hong_kong,PANASONIC FUTON DRYER HANDICAP,PANASONIC四季宝让赛,PANASONIC四季宝让赛,original marker is not bracketed
kept,term,29473,hong_kong,PANASONIC IH COOKER HANDICAP,PANASONIC IH电磁炉让赛,PANASONIC IH电磁炉让赛,original marker is not bracketed
kept,term,29474,hong_kong,PANASONIC INVERTER WINDOW AIR-CONDITIONER HANDICAP,PANASONIC变频窗口机让赛,PANASONIC变频窗口机让赛,original marker is not bracketed
kept,term,29475,hong_kong,PANASONIC LIGHTING HANDICAP,PANASONIC「护目佳」台灯让赛,PANASONIC「护目佳」台灯让赛,original marker is not bracketed
kept,term,29476,hong_kong,PANASONIC MASSAGE LOUNGER HANDICAP,PANASONIC按摩椅让赛,PANASONIC按摩椅让赛,original marker is not bracketed
kept,term,29477,hong_kong,PANASONIC MINI ICE FOOD FREEZER HANDICAP,PANASONIC MINI ICE冷藏柜让赛,PANASONIC MINI ICE冷藏柜让赛,original marker is not bracketed
kept,term,29478,hong_kong,PANASONIC NANOE HAIR DRYER HANDICAP,PANASONIC NANOE护发风筒让赛,PANASONIC NANOE护发风筒让赛,original marker is not bracketed
kept,term,29479,hong_kong,PANASONIC NANOE HANDICAP,PANASONIC NANOE纳米离子让赛,PANASONIC NANOE纳米离子让赛,original marker is not bracketed
kept,term,29480,hong_kong,PANASONIC NANOE X THERMO VENTILATOR HANDICAP,PANASONIC NANOE X浴室宝让赛,PANASONIC NANOE X浴室宝让赛,original marker is not bracketed
kept,term,29481,hong_kong,PANASONIC OLED TV HANDICAP,PANASONIC OLED电视让赛,PANASONIC OLED电视让赛,original marker is not bracketed
kept,term,29482,hong_kong,PANASONIC SPEED OVEN HANDICAP,PANASONIC商用多功能高速炉让赛,PANASONIC商用多功能高速炉让赛,original marker is not bracketed
kept,term,29483,hong_kong,PANASONIC STEAM OVEN HANDICAP,PANASONIC蒸气焗炉让赛,PANASONIC蒸气焗炉让赛,original marker is not bracketed
kept,term,29484,hong_kong,PANASONIC WASHING MACHINE HANDICAP,PANASONIC洗衣机让赛,PANASONIC洗衣机让赛,original marker is not bracketed
kept,term,29485,hong_kong,PARA SPORTS COACH 1600M HANDICAP,残疾人运动教练1600米让赛,残疾人运动教练1600米让赛,original marker is not bracketed
kept,term,29486,hong_kong,PARA SPORTS VOLUNTEER 1400M HANDICAP,残疾人运动义工1400米让赛,残疾人运动义工1400米让赛,original marker is not bracketed
kept,term,29487,hong_kong,PARKHEAD HANDICAP,帕克希德让赛,帕克希德让赛,original marker is not bracketed
kept,term,29488,hong_kong,PARMIGIANI FLEURIER EXCELLENT HANDICAP,PARMIGIANI FLEURIER卓越让赛,PARMIGIANI FLEURIER卓越让赛,original marker is not bracketed
kept,term,29489,hong_kong,PARUS HANDICAP,山雀让赛,山雀让赛,original marker is not bracketed
kept,term,29490,hong_kong,PERIDOT HANDICAP,橄榄石让赛,橄榄石让赛,original marker is not bracketed
kept,term,29491,hong_kong,PERKINS HANDICAP,白建时让赛,白建时让赛,original marker is not bracketed
kept,term,29492,hong_kong,PIAGET EXCELLENT HANDICAP,PIAGET卓越让赛,PIAGET卓越让赛,original marker is not bracketed
kept,term,29493,hong_kong,PINE HANDICAP,松树让赛,松树让赛,original marker is not bracketed
kept,term,29494,hong_kong,PIPER'S HILL HANDICAP,琵琶山让赛,琵琶山让赛,original marker is not bracketed
kept,term,29495,hong_kong,PITT HANDICAP,碧街让赛,碧街让赛,original marker is not bracketed
kept,term,29496,hong_kong,PO CHONG WAN HANDICAP,布厂湾让赛,布厂湾让赛,original marker is not bracketed
kept,term,29497,hong_kong,PO HING HANDICAP,普庆让赛,普庆让赛,original marker is not bracketed
kept,term,29498,hong_kong,PO LAM HANDICAP,宝琳让赛,宝琳让赛,original marker is not bracketed
kept,term,29499,hong_kong,PO LOI HANDICAP,宝来让赛,宝来让赛,original marker is not bracketed
kept,term,29500,hong_kong,PO SHAN HANDICAP,宝珊让赛,宝珊让赛,original marker is not bracketed
kept,term,29501,hong_kong,PO TOI HANDICAP,蒲台让赛,蒲台让赛,original marker is not bracketed
kept,term,29502,hong_kong,PO YAN HANDICAP,普仁让赛,普仁让赛,original marker is not bracketed
kept,term,29503,hong_kong,PO YEE HANDICAP,普义让赛,普义让赛,original marker is not bracketed
kept,term,29504,hong_kong,POK FU LAM HANDICAP,薄扶林让赛,薄扶林让赛,original marker is not bracketed
kept,term,29505,hong_kong,POTTINGER PEAK HANDICAP,砵甸乍山让赛,砵甸乍山让赛,original marker is not bracketed
kept,term,29506,hong_kong,PRECISION HANDICAP,计得精彩让赛,计得精彩让赛,original marker is not bracketed
kept,term,29507,hong_kong,PRICE HANDICAP,裴乐士让赛,裴乐士让赛,original marker is not bracketed
kept,term,29508,hong_kong,PUI O HANDICAP,贝澳让赛,贝澳让赛,original marker is not bracketed
kept,term,29509,hong_kong,QUEEN'S PARK HANDICAP,皇后公园让赛,皇后公园让赛,original marker is not bracketed
kept,term,29510,hong_kong,QUEEN'S ROAD CENTRAL HANDICAP,皇后大道中让赛,皇后大道中让赛,original marker is not bracketed
kept,term,29511,hong_kong,QUEEN'S ROAD EAST HANDICAP,皇后大道东让赛,皇后大道东让赛,original marker is not bracketed
kept,term,29512,hong_kong,QUEENSWAY HANDICAP,金钟道让赛,金钟道让赛,original marker is not bracketed
kept,term,29513,hong_kong,RACING DEVELOPMENT BOARD HANDICAP,赛马培训发展委员会让赛,赛马培训发展委员会让赛,original marker is not bracketed
kept,term,29514,hong_kong,RACING FOR CHARITY 1400M HANDICAP,赛马惠慈善1400米让赛,赛马惠慈善1400米让赛,original marker is not bracketed
kept,term,29515,hong_kong,RACING GOES ON 1200M HANDICAP,马照跑1200米让赛,马照跑1200米让赛,original marker is not bracketed
kept,term,29516,hong_kong,RACING GOES ON 1400M HANDICAP,马照跑1400米让赛,马照跑1400米让赛,original marker is not bracketed
kept,term,29517,hong_kong,RACING TALENT TRAINING CENTRE HANDICAP,赛马人才培训中心让赛,赛马人才培训中心让赛,original marker is not bracketed
kept,term,29518,hong_kong,RHONDDA HANDICAP,朗德让赛,朗德让赛,original marker is not bracketed
kept,term,29519,hong_kong,RIDING HIGH TOGETHER 1000M HANDICAP,同心同步同进1000米让赛,同心同步同进1000米让赛,original marker is not bracketed
kept,term,29520,hong_kong,RIDING HIGH TOGETHER 1200M HANDICAP,同心同步同进1200米让赛,同心同步同进1200米让赛,original marker is not bracketed
kept,term,29521,hong_kong,RIVER DANCER HANDICAP,骏河让赛,骏河让赛,original marker is not bracketed
kept,term,29522,hong_kong,ROWING 1400M HANDICAP,赛艇1400米让赛,赛艇1400米让赛,original marker is not bracketed
kept,term,29523,hong_kong,RUGBY SEVENS 1400M HANDICAP,七人榄球1400米让赛,七人榄球1400米让赛,original marker is not bracketed
kept,term,29524,hong_kong,RUMSEY HANDICAP,林士让赛,林士让赛,original marker is not bracketed
kept,term,29525,hong_kong,RYRIE HANDICAP,雷里让赛,雷里让赛,original marker is not bracketed
kept,term,29526,hong_kong,SACRED KINGDOM HANDICAP,莲华生辉让赛,莲华生辉让赛,original marker is not bracketed
kept,term,29527,hong_kong,SAI VAN BRIDGE HANDICAP,西湾大桥让赛,西湾大桥让赛,original marker is not bracketed
kept,term,29528,hong_kong,SAI WAN HO HANDICAP,西湾河让赛,西湾河让赛,original marker is not bracketed
kept,term,29529,hong_kong,SAI YING PUN HANDICAP,西营盘让赛,西营盘让赛,original marker is not bracketed
kept,term,29530,hong_kong,SAN PO KONG HANDICAP,新蒲岗让赛,新蒲岗让赛,original marker is not bracketed
kept,term,29531,hong_kong,SAU MAU PING HANDICAP,秀茂坪让赛,秀茂坪让赛,original marker is not bracketed
kept,term,29532,hong_kong,SERVING THE COMMUNITY 1000M HANDICAP,服务社群1000米让赛,服务社群1000米让赛,original marker is not bracketed
kept,term,29533,hong_kong,SERVING THE COMMUNITY 1400M HANDICAP,服务社群1400米让赛,服务社群1400米让赛,original marker is not bracketed
kept,term,29534,hong_kong,SERVING THE COMMUNITY 1600M HANDICAP,服务社群1600米让赛,服务社群1600米让赛,original marker is not bracketed
kept,term,29535,hong_kong,SERVING THE COMMUNITY 1800M HANDICAP,服务社群1800米让赛,服务社群1800米让赛,original marker is not bracketed
kept,term,29536,hong_kong,SEYMOUR HANDICAP,西摩让赛,西摩让赛,original marker is not bracketed
kept,term,29537,hong_kong,SHA LO WAN HANDICAP,沙螺湾让赛,沙螺湾让赛,original marker is not bracketed
kept,term,29538,hong_kong,SHA TIN HEIGHTS HANDICAP,沙田岭让赛,沙田岭让赛,original marker is not bracketed
kept,term,29539,hong_kong,SHA TIN PASS HANDICAP,沙田坳让赛,沙田坳让赛,original marker is not bracketed
kept,term,29540,hong_kong,SHA WAN HANDICAP,沙湾让赛,沙湾让赛,original marker is not bracketed
kept,term,29541,hong_kong,SHAM SHUI PO HANDICAP,深水埗让赛,深水埗让赛,original marker is not bracketed
kept,term,29542,hong_kong,SHAU KEI WAN HANDICAP,筲箕湾让赛,筲箕湾让赛,original marker is not bracketed
kept,term,29543,hong_kong,SHEK PAI WAN HANDICAP,石排湾让赛,石排湾让赛,original marker is not bracketed
kept,term,29544,hong_kong,SHEK TONG TSUI HANDICAP,石塘咀让赛,石塘咀让赛,original marker is not bracketed
kept,term,29545,hong_kong,SHUI PIN WAI HANDICAP,水边围让赛,水边围让赛,original marker is not bracketed
kept,term,29546,hong_kong,SHUM WAN HANDICAP,深湾让赛,深湾让赛,original marker is not bracketed
kept,term,29547,hong_kong,SHUN LEE HANDICAP,顺利让赛,顺利让赛,original marker is not bracketed
kept,term,29548,hong_kong,SILVER MINE BAY HANDICAP,银鑛湾让赛,银鑛湾让赛,original marker is not bracketed
kept,term,29549,hong_kong,SILVERSTRAND HANDICAP,银线湾让赛,银线湾让赛,original marker is not bracketed
kept,term,29550,hong_kong,SIR JOHN HANDICAP,至尊骏爵让赛,至尊骏爵让赛,original marker is not bracketed
kept,term,29551,hong_kong,SIU HO WAN HANDICAP,小蚝湾让赛,小蚝湾让赛,original marker is not bracketed
kept,term,29552,hong_kong,SIU SAI WAN HANDICAP,小西湾让赛,小西湾让赛,original marker is not bracketed
kept,term,29553,hong_kong,SO UK HANDICAP,苏屋让赛,苏屋让赛,original marker is not bracketed
kept,term,29554,hong_kong,SPEED VISION HANDICAP,极速骏马让赛,极速骏马让赛,original marker is not bracketed
kept,term,29555,hong_kong,SPORTS ROAD HANDICAP,体育道让赛,体育道让赛,original marker is not bracketed
kept,term,29556,hong_kong,STAUNTON HANDICAP,士丹顿让赛,士丹顿让赛,original marker is not bracketed
kept,term,29557,hong_kong,STIRLING CASTLE HANDICAP,斯特灵城堡让赛,斯特灵城堡让赛,original marker is not bracketed
kept,term,29558,hong_kong,STOCKBRIDGE HANDICAP,斯托布奇让赛,斯托布奇让赛,original marker is not bracketed
kept,term,29559,hong_kong,STREET CAT HANDICAP,精彩让赛,精彩让赛,original marker is not bracketed
kept,term,29560,hong_kong,SUN WUI HANDICAP,新会让赛,新会让赛,original marker is not bracketed
kept,term,29561,hong_kong,SUNFLOWER HANDICAP,向日葵让赛,向日葵让赛,original marker is not bracketed
kept,term,29562,hong_kong,SUNG TAK HANDICAP,崇德让赛,崇德让赛,original marker is not bracketed
kept,term,29563,hong_kong,SUNNING HANDICAP,新宁让赛,新宁让赛,original marker is not bracketed
kept,term,29564,hong_kong,SUPER KID HANDICAP,风云小子让赛,风云小子让赛,original marker is not bracketed
kept,term,29565,hong_kong,SUPER SATIN HANDICAP,极品丝绸让赛,极品丝绸让赛,original marker is not bracketed
kept,term,29566,hong_kong,SUTHERLAND HANDICAP,修打兰让赛,修打兰让赛,original marker is not bracketed
kept,term,29567,hong_kong,SWIMMING 1800M HANDICAP,游泳1800米让赛,游泳1800米让赛,original marker is not bracketed
kept,term,29568,hong_kong,TABLE TENNIS 1400M HANDICAP,乒乓球1400米让赛,乒乓球1400米让赛,original marker is not bracketed
kept,term,29569,hong_kong,TAI MEI TUK HANDICAP,大美督让赛,大美督让赛,original marker is not bracketed
kept,term,29570,hong_kong,TAI O HANDICAP,大澳让赛,大澳让赛,original marker is not bracketed
kept,term,29571,hong_kong,TAI PING SHAN HANDICAP,太平山让赛,太平山让赛,original marker is not bracketed
kept,term,29572,hong_kong,TAI PO KAU HANDICAP,大埔滘让赛,大埔滘让赛,original marker is not bracketed
kept,term,29573,hong_kong,TAI PO MARKET HANDICAP,大埔墟让赛,大埔墟让赛,original marker is not bracketed
kept,term,29574,hong_kong,TAI SHING STREAM HANDICAP,大城石涧让赛,大城石涧让赛,original marker is not bracketed
kept,term,29575,hong_kong,TAI SHUE WAN HANDICAP,大树湾让赛,大树湾让赛,original marker is not bracketed
kept,term,29576,hong_kong,TAI TAM BAY HANDICAP,大潭湾让赛,大潭湾让赛,original marker is not bracketed
kept,term,29577,hong_kong,TAI WO HAU HANDICAP,大窝口让赛,大窝口让赛,original marker is not bracketed
kept,term,29578,hong_kong,TAI YAU HANDICAP,大有让赛,大有让赛,original marker is not bracketed
kept,term,29579,hong_kong,TAI YUEN HANDICAP,太原让赛,太原让赛,original marker is not bracketed
kept,term,29580,hong_kong,TAIPA HANDICAP,氹仔让赛,氹仔让赛,original marker is not bracketed
kept,term,29581,hong_kong,TAMAR HANDICAP,添马让赛,添马让赛,original marker is not bracketed
kept,term,29582,hong_kong,TATE'S CAIRN HANDICAP,大老山让赛,大老山让赛,original marker is not bracketed
kept,term,29583,hong_kong,TATHONG CHANNEL HANDICAP,蓝塘海峡让赛,蓝塘海峡让赛,original marker is not bracketed
kept,term,29584,hong_kong,TELECOM FIGHTERS HANDICAP,电讯巴打让赛,电讯巴打让赛,original marker is not bracketed
kept,term,29585,hong_kong,TENPIN BOWLING 1000M HANDICAP,保龄球1000米让赛,保龄球1000米让赛,original marker is not bracketed
kept,term,29586,hong_kong,TERN HANDICAP,燕鸥让赛,燕鸥让赛,original marker is not bracketed
kept,term,29596,hong_kong,THE EDUCATION UNIVERSITY OF HONG KONG HANDICAP,香港教育大学让赛,香港教育大学让赛,original marker is not bracketed
kept,term,29614,hong_kong,THE PEAK HANDICAP,山顶让赛,山顶让赛,original marker is not bracketed
kept,term,29622,hong_kong,THOMSON HANDICAP,谭臣让赛,谭臣让赛,original marker is not bracketed
kept,term,29623,hong_kong,TIGER PRAWN HANDICAP,金同德让赛,金同德让赛,original marker is not bracketed
kept,term,29624,hong_kong,TIM MEI HANDICAP,添美让赛,添美让赛,original marker is not bracketed
kept,term,29625,hong_kong,TIME WARP HANDICAP,马克罗斯让赛,马克罗斯让赛,original marker is not bracketed
kept,term,29626,hong_kong,TING KOK HANDICAP,汀角让赛,汀角让赛,original marker is not bracketed
kept,term,29627,hong_kong,TIU KENG LENG HANDICAP,调景岭让赛,调景岭让赛,original marker is not bracketed
kept,term,29628,hong_kong,TO FUNG SHAN HANDICAP,道风山让赛,道风山让赛,original marker is not bracketed
kept,term,29629,hong_kong,TO STRIVE IS TO SHINE HANDICAP,驰骋展光芒让赛,驰骋展光芒让赛,original marker is not bracketed
kept,term,29630,hong_kong,TONG FUK HANDICAP,塘福让赛,塘福让赛,original marker is not bracketed
kept,term,29631,hong_kong,TONG SHUI HANDICAP,糖水让赛,糖水让赛,original marker is not bracketed
kept,term,29632,hong_kong,TOURMALINE HANDICAP,碧玺让赛,碧玺让赛,original marker is not bracketed
kept,term,29633,hong_kong,TSAP TSEUNG HANDICAP,集祥让赛,集祥让赛,original marker is not bracketed
kept,term,29634,hong_kong,TSEUNG KWAN O HANDICAP,将军澳让赛,将军澳让赛,original marker is not bracketed
kept,term,29635,hong_kong,TSIM SHA TSUI EAST HANDICAP,尖东让赛,尖东让赛,original marker is not bracketed
kept,term,29636,hong_kong,TSOI TAK HANDICAP,载德让赛,载德让赛,original marker is not bracketed
kept,term,29637,hong_kong,TSUEN FU HANDICAP,荃富让赛,荃富让赛,original marker is not bracketed
kept,term,29638,hong_kong,TUNG WAN HANDICAP,东湾让赛,东湾让赛,original marker is not bracketed
kept,term,29640,hong_kong,TUNG WAN SHAN HANDICAP,东湾山让赛,东湾山让赛,original marker is not bracketed
kept,term,29642,hong_kong,TVB WAI YIN ASSOCIATION SPECIAL HANDICAP,TVB慧妍雅集爱心传承让赛,TVB慧妍雅集爱心传承让赛,original marker is not bracketed
kept,term,29643,hong_kong,ULSAN HANDICAP,蔚山让赛,蔚山让赛,original marker is not bracketed
kept,term,29644,hong_kong,UN CHAU HANDICAP,元州让赛,元州让赛,original marker is not bracketed
kept,term,29645,hong_kong,UNCOMPROMISING INTEGRITY 1200M HANDICAP,坚守诚信1200米让赛,坚守诚信1200米让赛,original marker is not bracketed
kept,term,29646,hong_kong,UNCOMPROMISING INTEGRITY 1800M HANDICAP,坚守诚信1800米让赛,坚守诚信1800米让赛,original marker is not bracketed
kept,term,29647,hong_kong,UNITED KINGDOM HANDICAP,英国让赛,英国让赛,original marker is not bracketed
kept,term,29648,hong_kong,VERBENA HANDICAP,地锦让赛,地锦让赛,original marker is not bracketed
kept,term,29649,hong_kong,VICTORIA GAP HANDICAP,炉峰峡让赛,炉峰峡让赛,original marker is not bracketed
kept,term,29650,hong_kong,VICTORY HANDICAP,胜利让赛,胜利让赛,original marker is not bracketed
kept,term,29651,hong_kong,WALNUT HANDICAP,胡桃木让赛,胡桃木让赛,original marker is not bracketed
kept,term,29652,hong_kong,WATERFALL BAY HANDICAP,瀑布湾让赛,瀑布湾让赛,original marker is not bracketed
kept,term,29653,hong_kong,WATERFALL BAY PARK HANDICAP,瀑布湾公园让赛,瀑布湾公园让赛,original marker is not bracketed
kept,term,29654,hong_kong,WATERLOO HANDICAP,窝打老让赛,窝打老让赛,original marker is not bracketed
kept,term,29655,hong_kong,WELLINGTON HANDICAP,威灵顿让赛,威灵顿让赛,original marker is not bracketed
kept,term,29656,hong_kong,WESTLANDS HANDICAP,华兰让赛,华兰让赛,original marker is not bracketed
kept,term,29657,hong_kong,WHEELCHAIR FENCING 1200M HANDICAP,轮椅剑击1200米让赛,轮椅剑击1200米让赛,original marker is not bracketed
kept,term,29658,hong_kong,WHITFIELD HANDICAP,威非路让赛,威非路让赛,original marker is not bracketed
kept,term,29659,hong_kong,WINDY GAP HANDICAP,大风坳让赛,大风坳让赛,original marker is not bracketed
kept,term,29661,hong_kong,WING LOK HANDICAP,永乐让赛,永乐让赛,original marker is not bracketed
kept,term,29662,hong_kong,WISTARIA HANDICAP,紫藤让赛,紫藤让赛,original marker is not bracketed
kept,term,29664,hong_kong,WO TIK HANDICAP,禾笛让赛,禾笛让赛,original marker is not bracketed
kept,term,29665,hong_kong,WONG MA TEI HANDICAP,黄麻地让赛,黄麻地让赛,original marker is not bracketed
kept,term,29666,hong_kong,WONG SHEK HANDICAP,黄石让赛,黄石让赛,original marker is not bracketed
kept,term,29667,hong_kong,WORLD-CLASS LEADERSHIP 1200M HANDICAP,卓越领导1200米让赛,卓越领导1200米让赛,original marker is not bracketed
kept,term,29668,hong_kong,WUHU HANDICAP,芜湖让赛,芜湖让赛,original marker is not bracketed
kept,term,29670,hong_kong,YAU TONG HANDICAP,油塘让赛,油塘让赛,original marker is not bracketed
kept,term,29671,hong_kong,YEW HANDICAP,紫杉让赛,紫杉让赛,original marker is not bracketed
kept,term,29672,hong_kong,YUEN CHAU TSAI HANDICAP,元洲仔让赛,元洲仔让赛,original marker is not bracketed
kept,term,29673,hong_kong,YUEN SHIN HANDICAP,完善让赛,完善让赛,original marker is not bracketed
kept,term,29674,hong_kong,YUEN YUEN HANDICAP,源远让赛,源远让赛,original marker is not bracketed
kept,term,29675,hong_kong,YUN PING HANDICAP,恩平让赛,恩平让赛,original marker is not bracketed
kept,term,13095,japan,Goodluck Handicap,好运让赛,好运让赛,original marker is not bracketed
kept,term,13120,other,3yo+ Handicap,三岁以上马让赛,三岁以上马让赛,original marker is not bracketed
kept,term,13143,other,BM 72 Handicap,指标评分72让赛,指标评分72让赛,original marker is not bracketed
kept,term,13144,other,BM 88 Handicap,指标评分88让赛,指标评分88让赛,original marker is not bracketed
kept,term,13145,other,BM90 Handicap,指标评分90让赛,指标评分90让赛,original marker is not bracketed
kept,term,13146,other,BM96 Handicap,指标评分96让赛,指标评分96让赛,original marker is not bracketed
kept,term,13147,other,Bob Hoysted Handicap,何士达让赛,何士达让赛,original marker is not bracketed
kept,term,13148,other,Bright Shadow Quality,辉影让赛,辉影让赛,original marker is not bracketed
kept,term,13161,other,Chairman's Handicap,主席让赛,主席让赛,original marker is not bracketed
kept,term,13162,other,Chairman's Quality,主席让赛,主席让赛,original marker is not bracketed
kept,term,13181,other,Fernhill Mile Handicap,凤山一哩让赛,凤山一哩让赛,original marker is not bracketed
kept,term,13196,other,HKIR in December Umngeni Handicap,十二月香港国际赛事温盖尼让赛,十二月香港国际赛事温盖尼让赛,original marker is not bracketed
kept,term,13198,other,HKJC World Pool Bobbie Lewis Quality,香港赛马会全球汇合彩池波比路易士让赛,香港赛马会全球汇合彩池波比路易士让赛,original marker is not bracketed
kept,term,13202,other,HKJC World Pool Fernhill Mile,香港赛马会全球汇合彩池凤山一哩让赛,香港赛马会全球汇合彩池凤山一哩让赛,original marker is not bracketed
kept,term,13203,other,HKJC World Pool Grand Handicap,香港赛马会全球汇合彩池让赛,香港赛马会全球汇合彩池让赛,original marker is not bracketed
kept,term,13204,other,HKJC World Pool Handicap,香港赛马会全球汇合彩池让赛,香港赛马会全球汇合彩池让赛,original marker is not bracketed
kept,term,13230,other,Lexus Archer Stakes (Hotham Handicap),荷辉让赛,荷辉让赛,original marker is not bracketed
kept,term,13231,other,LHKIR in December Umngeni Handicap,十二月浪琴香港国际赛事温盖尼让赛,十二月浪琴香港国际赛事温盖尼让赛,original marker is not bracketed
kept,term,13288,other,The Hong Kong Jockey Club World Pool Handicap,香港赛马会全球汇合彩池让赛,香港赛马会全球汇合彩池让赛,original marker is not bracketed
kept,term,13292,other,Toorak Handicap,杜勒让赛,杜勒让赛,original marker is not bracketed
kept,term,13295,other,Weekend Hussler Handicap,周末商贩让赛,周末商贩让赛,original marker is not bracketed
kept,term,13301,other,World Pool Handicap,全球汇合彩池让赛,全球汇合彩池让赛,original marker is not bracketed
kept,term,14296,other,Doncaster Handicap,唐加士打让赛,唐加士打让赛,original marker is not bracketed
kept,term,14301,other,Hotham Handicap Archer Stakes Saab Quality,荷辉让赛 绅宝公开赛,荷辉让赛 绅宝公开赛,original marker is not bracketed
kept,term,14356,other,Anniversary Handicap,周年纪念让赛,周年纪念让赛,original marker is not bracketed
kept,term,14362,other,Aspiration Quality,抱负让赛,抱负让赛,original marker is not bracketed
kept,term,14366,other,Aurie's Star Handicap,奥利之星让赛,奥利之星让赛,original marker is not bracketed
kept,term,14405,other,Bill Ritchie Handicap,李智让赛,李智让赛,original marker is not bracketed
kept,term,14416,other,Bobbie Lewis Quality,波比路易仕让赛,波比路易仕让赛,original marker is not bracketed
kept,term,14451,other,Cape Summer Stayers Handicap,开普夏季长途让赛,开普夏季长途让赛,original marker is not bracketed
kept,term,14486,other,Concorde Handicap,和谐让赛,和谐让赛,original marker is not bracketed
kept,term,14545,other,Durban July,德班七月让赛,德班七月让赛,original marker is not bracketed
kept,term,14553,other,Easter Handicap,复活节让赛,复活节让赛,original marker is not bracketed
kept,term,14561,other,Epsom Handicap,叶森让赛,叶森让赛,original marker is not bracketed
kept,term,14839,other,Newcastle Newmarket Handicap,纽卡素新市场让赛,纽卡素新市场让赛,original marker is not bracketed
kept,term,14840,other,Newmarket Handicap,新市场让赛,新市场让赛,original marker is not bracketed
kept,term,14863,other,Peninsula Handicap,半岛让赛,半岛让赛,original marker is not bracketed
kept,term,14922,other,Reginald Allen Quality,雷根雅伦让赛,雷根雅伦让赛,original marker is not bracketed
kept,term,14998,other,Standish Handicap,史达德殊让赛,史达德殊让赛,original marker is not bracketed
kept,term,15003,other,Stradbroke Handicap,史德布克让赛,史德布克让赛,original marker is not bracketed
kept,term,15044,other,The RedSea Turf Handicap,红海草地让赛,红海草地让赛,original marker is not bracketed
kept,term,15063,other,Tramway Handicap,电车路让赛,电车路让赛,original marker is not bracketed
kept,term,15108,other,Wenona Girl Quality,咏娜让赛,咏娜让赛,original marker is not bracketed
kept,term,29715,other,3yo+ Handicap-NO BETTING SERVICE OFFERED,三岁以上马让赛[本赛事不设投注],三岁以上马让赛[本赛事不设投注],original marker is not bracketed
kept,term,29717,other,90-105 Handicap,90-105分让赛,90-105分让赛,original marker is not bracketed
kept,term,29718,other,@Worldpool Twitter Handicap,Twitter@Worldpool让赛,Twitter@Worldpool让赛,original marker is not bracketed
kept,term,29728,other,Class 5 Handicap,第五班让赛,第五班让赛,original marker is not bracketed
kept,term,29736,other,HKJC Elms Handicap,香港赛马会榆树让赛,香港赛马会榆树让赛,original marker is not bracketed
kept,term,29750,other,MR 100 F&M Handicap-NO BETTING SERVICE OFFERED,雌马100分让赛[本赛事不设投注],雌马100分让赛[本赛事不设投注],original marker is not bracketed
kept,term,29751,other,MR 102 Handicap,评分102让赛,评分102让赛,original marker is not bracketed
kept,term,29752,other,MR 68 Handicap,评分68让赛,评分68让赛,original marker is not bracketed
kept,term,29753,other,MR 74 F&M Handicap,雌马74分让赛,雌马74分让赛,original marker is not bracketed
kept,term,29754,other,MR 74 Handicap,评分74让赛,评分74让赛,original marker is not bracketed
kept,term,29755,other,MR 76 F&M Handicap,雌马76分让赛,雌马76分让赛,original marker is not bracketed
kept,term,29756,other,MR 78 F&M Handicap,雌马78分让赛,雌马78分让赛,original marker is not bracketed
kept,term,29757,other,MR 80 Handicap,评分80让赛,评分80让赛,original marker is not bracketed
kept,term,29758,other,MR 84 Handicap,评分84让赛,评分84让赛,original marker is not bracketed
kept,term,29759,other,MR 85 Handicap-NO BETTING SERVICE OFFERED,评分85让赛[本赛事不设投注],评分85让赛[本赛事不设投注],original marker is not bracketed
kept,term,29760,other,MR 94 F&M Handicap,雌马94分让赛,雌马94分让赛,original marker is not bracketed
kept,term,29761,other,MSS Security Sprint (Always Welcome Stakes),MSS保安短途让赛,MSS保安短途让赛,original marker is not bracketed
kept,term,29774,other,The Darley Arabian-NO BETTING SERVICE OFFERED,达利阿拉伯让赛[本赛事不设投注],达利阿拉伯让赛[本赛事不设投注],original marker is not bracketed
kept,term,29782,other,Umngeni Handicap,温盖尼让赛,温盖尼让赛,original marker is not bracketed
kept,term,13306,united_kingdom,'Dash' Handicap,短途让赛,短途让赛,original marker is not bracketed
kept,term,13311,united_kingdom,2yo Handicap,两岁马让赛,两岁马让赛,original marker is not bracketed
kept,term,13313,united_kingdom,3yo 0-100 Handicap,三岁马0-100分让赛,三岁马0-100分让赛,original marker is not bracketed
kept,term,13314,united_kingdom,3yo 0-105 Handicap,三岁马0-105分让赛,三岁马0-105分让赛,original marker is not bracketed
kept,term,13315,united_kingdom,3yo 0-85 Handicap,三岁马0-85分让赛,三岁马0-85分让赛,original marker is not bracketed
kept,term,13316,united_kingdom,3yo 0-95 Handicap,三岁马0-95分让赛,三岁马0-95分让赛,original marker is not bracketed
kept,term,13317,united_kingdom,3yo 76-95 Handicap,三岁马76-95分让赛,三岁马76-95分让赛,original marker is not bracketed
kept,term,13318,united_kingdom,3yo Handicap,三岁马让赛,三岁马让赛,original marker is not bracketed
kept,term,13320,united_kingdom,3yo+ 0-100 Handicap,三岁以上马0-100分让赛,三岁以上马0-100分让赛,original marker is not bracketed
kept,term,13321,united_kingdom,3yo+ 0-105 Handicap,三岁以上马0-105分让赛,三岁以上马0-105分让赛,original marker is not bracketed
kept,term,13322,united_kingdom,3yo+ 61-80 Handicap,三岁以上马61-80分让赛,三岁以上马61-80分让赛,original marker is not bracketed
kept,term,13323,united_kingdom,3yo+ 86-105 Handicap,三岁以上马86-105分让赛,三岁以上马86-105分让赛,original marker is not bracketed
kept,term,13324,united_kingdom,3yo+ Fillies & Mares 0-105 Handicap,三岁以上雌马0-105分让赛,三岁以上雌马0-105分让赛,original marker is not bracketed
kept,term,13325,united_kingdom,3yo+ Fillies & Mares 0-95 Handicap,三岁以上雌马0-95分让赛,三岁以上雌马0-95分让赛,original marker is not bracketed
kept,term,13326,united_kingdom,3yo+ Fillies & Mares 76-95 Handicap,三岁以上雌马76-95分让赛,三岁以上雌马76-95分让赛,original marker is not bracketed
kept,term,13327,united_kingdom,3yo+ Fillies & Mares 86-105 Handicap,三岁以上雌马86-105分让赛,三岁以上雌马86-105分让赛,original marker is not bracketed
kept,term,13328,united_kingdom,3yo+ Fillies & Mares Handicap,三岁以上雌马让赛,三岁以上雌马让赛,original marker is not bracketed
kept,term,13329,united_kingdom,4yo+ 0-105 Handicap,四岁以上马0-105分让赛,四岁以上马0-105分让赛,original marker is not bracketed
kept,term,13330,united_kingdom,4yo+ 86-105 Handicap,四岁以上马86-105分让赛,四岁以上马86-105分让赛,original marker is not bracketed
kept,term,13331,united_kingdom,4yo+ Handicap,四岁以上马让赛,四岁以上马让赛,original marker is not bracketed
kept,term,13341,united_kingdom,Copper Horse Handicap,铜马让赛,铜马让赛,original marker is not bracketed
kept,term,13346,united_kingdom,Derby Festival Handicap,打吡赛期让赛,打吡赛期让赛,original marker is not bracketed
kept,term,13363,united_kingdom,HKJC World Pool Fillies Handicap,香港赛马会全球汇合彩池雌马让赛,香港赛马会全球汇合彩池雌马让赛,original marker is not bracketed
kept,term,13366,united_kingdom,HKJC World Pool Lester Piggott Handicap,香港赛马会全球汇合彩池柏葛让赛,香港赛马会全球汇合彩池柏葛让赛,original marker is not bracketed
kept,term,13368,united_kingdom,HKJC World Pool Northern Dancer Handicap,香港赛马会全球汇合彩池北地舞人让赛,香港赛马会全球汇合彩池北地舞人让赛,original marker is not bracketed
kept,term,13371,united_kingdom,International Handicap,国际让赛,国际让赛,original marker is not bracketed
kept,term,13381,united_kingdom,Lester Piggott Handicap,柏葛让赛,柏葛让赛,original marker is not bracketed
kept,term,13384,united_kingdom,Maddenstown Handicap,马登斯敦让赛,马登斯敦让赛,original marker is not bracketed
kept,term,13403,united_kingdom,Ragusa Handicap,拉古胜让赛,拉古胜让赛,original marker is not bracketed
kept,term,13406,united_kingdom,Rockingham Handicap,罗京安让赛,罗京安让赛,original marker is not bracketed
kept,term,13410,united_kingdom,Summer Fillies Handicap,夏日雌马让赛,夏日雌马让赛,original marker is not bracketed
kept,term,13421,united_kingdom,World Pool Bet With The Tote Fillies Handicap,全球汇合彩池Bet With The Tote雌马让赛,全球汇合彩池Bet With The Tote雌马让赛,original marker is not bracketed
kept,term,13422,united_kingdom,World Pool Bet With The Tote Handicap,全球汇合彩池Bet With The Tote让赛,全球汇合彩池Bet With The Tote让赛,original marker is not bracketed
kept,term,29787,united_kingdom,3yo 0-90 Handicap,三岁马0-90分让赛,三岁马0-90分让赛,original marker is not bracketed
kept,term,29788,united_kingdom,3yo 61-80 Handicap,三岁马61-80分让赛,三岁马61-80分让赛,original marker is not bracketed
kept,term,29789,united_kingdom,3yo 71-90 Handicap,三岁马71-90分让赛,三岁马71-90分让赛,original marker is not bracketed
kept,term,29790,united_kingdom,3yo 81-100 Handicap,三岁马81-100分让赛,三岁马81-100分让赛,original marker is not bracketed
kept,term,29791,united_kingdom,3yo 86-105 Handicap,三岁马86-105分让赛,三岁马86-105分让赛,original marker is not bracketed
kept,term,29792,united_kingdom,3yo+ 66-85 Handicap,三岁以上马66-85分让赛,三岁以上马66-85分让赛,original marker is not bracketed
kept,term,29793,united_kingdom,3yo+ Fillies & Mares 81-100 Handicap,三岁以上雌马81-100分让赛,三岁以上雌马81-100分让赛,original marker is not bracketed
kept,term,29794,united_kingdom,3yo+ Fillies and Mares 76-95 Handicap,三岁以上雌马76-95分让赛,三岁以上雌马76-95分让赛,original marker is not bracketed
kept,term,29795,united_kingdom,3yo+ Fillies and Mares 86-105 Handicap,三岁以上雌马86-105分让赛,三岁以上雌马86-105分让赛,original marker is not bracketed
kept,term,29796,united_kingdom,4yo+ 71-90 Handicap,四岁以上马71-90分让赛,四岁以上马71-90分让赛,original marker is not bracketed
kept,term,29797,united_kingdom,4yo+ 76-95 Handicap,四岁以上马76-95分让赛,四岁以上马76-95分让赛,original marker is not bracketed
kept,term,29805,united_kingdom,Kensington Palace Fillies' Handicap,肯辛顿宫雌马让赛,肯辛顿宫雌马让赛,original marker is not bracketed
kept,term,29817,united_kingdom,World Pool 'Dash' Handicap,全球汇合彩池短途让赛,全球汇合彩池短途让赛,original marker is not bracketed
kept,term,29818,united_kingdom,World Pool Fillies Handicap,全球汇合彩池雌马让赛,全球汇合彩池雌马让赛,original marker is not bracketed
kept,term,29820,united_kingdom,World Pool Northern Dancer Handicap,全球汇合彩池北地舞人让赛,全球汇合彩池北地舞人让赛,original marker is not bracketed
kept,term,13428,united_states,Green Flash Handicap,绿光让赛,绿光让赛,original marker is not bracketed
kept,term,13900,united_states,Seabiscuit Handicap Citation Handicap,例证让赛,例证让赛,original marker is not bracketed
kept,term,13906,united_states,California Crown Stakes Awesome Again Stakes Goodwood Handicap,加州冠冕锦标 古活让赛,加州冠冕锦标 古活让赛,original marker is not bracketed
kept,term,13913,united_states,Alfred G. Vanderbilt Handicap,汤玛士爱迪逊让赛,汤玛士爱迪逊让赛,original marker is not bracketed
kept,term,13915,united_states,American Stakes,美国让赛,美国让赛,original marker is not bracketed
kept,term,13916,united_states,Apple Blossom Handicap,苹果花让赛,苹果花让赛,original marker is not bracketed
kept,term,13924,united_states,Bed o' Roses Stakes,玫瑰圃让赛,玫瑰圃让赛,original marker is not bracketed
kept,term,13955,united_states,Carter Handicap,卡达让赛,卡达让赛,original marker is not bracketed
kept,term,13965,united_states,Cigar Mile Handicap,雪茄一哩让赛,雪茄一哩让赛,original marker is not bracketed
kept,term,13966,united_states,Cinema Handicap,影院让赛,影院让赛,original marker is not bracketed
kept,term,13984,united_states,Del Mar Handicap,德尔马让赛,德尔马让赛,original marker is not bracketed
kept,term,13987,united_states,Delaware Handicap,达拉维让赛,达拉维让赛,original marker is not bracketed
kept,term,14004,united_states,Fair Grounds Stakes,费尔园让赛,费尔园让赛,original marker is not bracketed
kept,term,14014,united_states,Fourstardave Stakes,四星大夫让赛,四星大夫让赛,original marker is not bracketed
kept,term,14017,united_states,Gallant Bloom Handicap,瑰丽宝让赛,瑰丽宝让赛,original marker is not bracketed
kept,term,14019,united_states,Gamely Stakes,敢励让赛,敢励让赛,original marker is not bracketed
kept,term,14033,united_states,Gulfstream Park Mile Stakes,湾流让赛,湾流让赛,original marker is not bracketed
kept,term,14045,united_states,Hollywood Turf Express Handicap,荷李活草地短途让赛,荷李活草地短途让赛,original marker is not bracketed
kept,term,14053,united_states,Inglewood Handicap,英格活让赛,英格活让赛,original marker is not bracketed
kept,term,14092,united_states,Las Flores Stakes,拉斯弗洛雷斯让赛,拉斯弗洛雷斯让赛,original marker is not bracketed
kept,term,14101,united_states,Louisville Stakes,路易维尔让赛,路易维尔让赛,original marker is not bracketed
kept,term,14111,united_states,Metropolitan Handicap,大都会让赛,大都会让赛,original marker is not bracketed
kept,term,14112,united_states,Milady Handicap,美兰迪让赛,美兰迪让赛,original marker is not bracketed
kept,term,14120,united_states,Muniz Memorial Classic Stakes,梅芬万利斯纪念让赛,梅芬万利斯纪念让赛,original marker is not bracketed
kept,term,14122,united_states,New Orleans Classic Stakes,新奥尔良让赛,新奥尔良让赛,original marker is not bracketed
kept,term,14129,united_states,Pan American Stakes,泛美让赛,泛美让赛,original marker is not bracketed
kept,term,14157,united_states,River City Handicap,河城让赛,河城让赛,original marker is not bracketed
kept,term,14164,united_states,San Antonio Stakes,圣安东尼奥让赛,圣安东尼奥让赛,original marker is not bracketed
kept,term,14165,united_states,San Carlos Stakes,圣卡乐斯让赛,圣卡乐斯让赛,original marker is not bracketed
kept,term,14166,united_states,San Diego Stakes,圣地牙哥让赛,圣地牙哥让赛,original marker is not bracketed
kept,term,14169,united_states,San Gabriel Stakes,圣加布里让赛,圣加布里让赛,original marker is not bracketed
kept,term,14179,united_states,Santa Anita Stakes,圣雅尼塔让赛,圣雅尼塔让赛,original marker is not bracketed
kept,term,14181,united_states,Santa Monica Stakes,圣蒙尼嘉让赛,圣蒙尼嘉让赛,original marker is not bracketed
kept,term,14199,united_states,Sunset Handicap,日落让赛,日落让赛,original marker is not bracketed
kept,term,14215,united_states,Turf Monster Stakes,草地飞驹让赛,草地飞驹让赛,original marker is not bracketed
kept,term,14226,united_states,Westchester Stakes,威彻斯特让赛,威彻斯特让赛,original marker is not bracketed
kept,term,14228,united_states,William L. McKnight Stakes,麦迺特让赛,麦迺特让赛,original marker is not bracketed
kept,term,17814,united_states,Morvich Stakes,摩域治让赛,摩域治让赛,original marker is not bracketed
kept,term,17825,united_states,Donn Handicap,多恩让赛,多恩让赛,original marker is not bracketed
kept,term,17828,united_states,Gulfstream Park Turf Handicap,湾流草地让赛,湾流草地让赛,original marker is not bracketed
